date,market_tone,market_vol,fed_tone,fed_vol,macro_tone,macro_vol,trade_geo_tone,trade_geo_vol,big_tech_tone,big_tech_vol,ai_chips_tone,ai_chips_vol
2017-01-01,,,-0.8792,,,,,,,,,
2017-01-02,,,-0.8400,,,,,,,,,
2017-01-03,,,-0.4218,,,,,,,,,
2017-01-04,,,-0.7092,,,,,,,,,
2017-01-05,,,-0.7344,,,,,,,,,
2017-01-06,,,-1.0416,,,,,,,,,
2017-01-07,,,-0.9156,,,,,,,,,
2017-01-08,,,-1.2708,,,,,,,,,
2017-01-09,,,-0.5296,,,,,,,,,
2017-01-10,,,-0.6491,,,,,,,,,
2017-01-11,,,-0.6966,,,,,,,,,
2017-01-12,,,-1.1171,,,,,,,,,
2017-01-13,,,-0.2812,,,,,,,,,
2017-01-14,,,-0.6774,,,,,,,,,
2017-01-15,,,-0.8700,,,,,,,,,
2017-01-16,,,-0.8627,,,,,,,,,
2017-01-17,,,-0.4529,,,,,,,,,
2017-01-18,,,-0.6220,,,,,,,,,
2017-01-19,,,-0.6047,,,,,,,,,
2017-01-20,,,-0.9190,,,,,,,,,
2017-01-21,,,-1.2340,,,,,,,,,
2017-01-22,,,-0.8871,,,,,,,,,
2017-01-23,,,-0.7499,,,,,,,,,
2017-01-24,,,-0.4540,,,,,,,,,
2017-01-25,,,-0.6052,,,,,,,,,
2017-01-26,,,-0.1446,,,,,,,,,
2017-01-27,,,-0.7882,,,,,,,,,
2017-01-28,,,-1.0316,,,,,,,,,
2017-01-29,,,-0.7964,,,,,,,,,
2017-01-30,,,-1.1028,,,,,,,,,
2017-01-31,,,-0.9703,,,,,,,,,
2017-02-01,,,-0.8427,,,,,,,,,
2017-02-02,,,-0.7487,,,,,,,,,
2017-02-03,,,-0.7157,,,,,,,,,
2017-02-04,,,-0.9675,,,,,,,,,
2017-02-05,,,-1.1017,,,,,,,,,
2017-02-06,,,-0.8812,,,,,,,,,
2017-02-07,,,-1.1560,,,,,,,,,
2017-02-08,,,-1.1234,,,,,,,,,
2017-02-09,,,-0.7656,,,,,,,,,
2017-02-10,,,-1.1483,,,,,,,,,
2017-02-11,,,-1.3717,,,,,,,,,
2017-02-12,,,-1.1345,,,,,,,,,
2017-02-13,,,-0.7689,,,,,,,,,
2017-02-14,,,-0.7934,,,,,,,,,
2017-02-15,,,-0.4345,,,,,,,,,
2017-02-16,,,-0.5537,,,,,,,,,
2017-02-17,,,-0.6308,,,,,,,,,
2017-02-18,,,-0.8532,,,,,,,,,
2017-02-19,,,-0.6427,,,,,,,,,
2017-02-20,,,-0.6903,,,,,,,,,
2017-02-21,,,-0.7196,,,,,,,,,
2017-02-22,,,-0.6049,,,,,,,,,
2017-02-23,,,-0.7372,,,,,,,,,
2017-02-24,,,-1.0257,,,,,,,,,
2017-02-25,,,-0.6056,,,,,,,,,
2017-02-26,,,-0.6294,,,,,,,,,
2017-02-27,,,-0.4425,,,,,,,,,
2017-02-28,,,-0.4272,,,,,,,,,
2017-03-01,,,-0.3426,,,,,,,,,
2017-03-02,,,-0.5017,,,,,,,,,
2017-03-03,,,-0.7380,,,,,,,,,
2017-03-04,,,-0.9716,,,,,,,,,
2017-03-05,,,-0.8714,,,,,,,,,
2017-03-06,,,-1.1036,,,,,,,,,
2017-03-07,,,-1.0466,,,,,,,,,
2017-03-08,,,-0.9019,,,,,,,,,
2017-03-09,,,-0.7135,,,,,,,,,
2017-03-10,,,-0.3903,,,,,,,,,
2017-03-11,,,-0.6791,,,,,,,,,
2017-03-12,,,-0.7825,,,,,,,,,
2017-03-13,,,-0.6368,,,,,,,,,
2017-03-14,,,-0.6260,,,,,,,,,
2017-03-15,,,-0.5077,,,,,,,,,
2017-03-16,,,-0.4388,,,,,,,,,
2017-03-17,,,-0.5182,,,,,,,,,
2017-03-18,,,-0.6787,,,,,,,,,
2017-03-19,,,-0.8754,,,,,,,,,
2017-03-20,,,-0.9323,,,,,,,,,
2017-03-21,,,-0.8649,,,,,,,,,
2017-03-22,,,-1.2583,,,,,,,,,
2017-03-23,,,-0.9089,,,,,,,,,
2017-03-24,,,-0.4840,,,,,,,,,
2017-03-25,,,-0.5277,,,,,,,,,
2017-03-26,,,-2.3599,,,,,,,,,
2017-03-27,,,-0.8308,,,,,,,,,
2017-03-28,,,-0.4377,,,,,,,,,
2017-03-29,,,-0.4376,,,,,,,,,
2017-03-30,,,-0.5214,,,,,,,,,
2017-03-31,,,-0.3829,,,,,,,,,
2017-04-01,,,-0.4542,,,,,,,,,
2017-04-02,,,-0.7752,,,,,,,,,
2017-04-03,,,-0.9560,,,,,,,,,
2017-04-04,,,-1.2019,,,,,,,,,
2017-04-05,,,-0.8433,,,,,,,,,
2017-04-06,,,-1.4121,,,,,,,,,
2017-04-07,,,-0.8681,,,,,,,,,
2017-04-08,,,-0.9222,,,,,,,,,
2017-04-09,,,-0.6185,,,,,,,,,
2017-04-10,,,-0.7554,,,,,,,,,
2017-04-11,,,-0.7908,,,,,,,,,
2017-04-12,,,-0.9005,,,,,,,,,
2017-04-13,,,-0.9342,,,,,,,,,
2017-04-14,,,-0.4422,,,,,,,,,
2017-04-15,,,-1.0194,,,,,,,,,
2017-04-16,,,-0.8936,,,,,,,,,
2017-04-17,,,-0.9906,,,,,,,,,
2017-04-18,,,-0.6790,,,,,,,,,
2017-04-19,,,-0.4724,,,,,,,,,
2017-04-20,,,-0.5891,,,,,,,,,
2017-04-21,,,-1.0493,,,,,,,,,
2017-04-22,,,-0.6928,,,,,,,,,
2017-04-23,,,-0.7138,,,,,,,,,
2017-04-24,,,-0.3853,,,,,,,,,
2017-04-25,,,-1.2992,,,,,,,,,
2017-04-26,,,-1.1196,,,,,,,,,
2017-04-27,,,-1.0004,,,,,,,,,
2017-04-28,,,-1.1548,,,,,,,,,
2017-04-29,,,-0.8066,,,,,,,,,
2017-04-30,,,-0.5606,,,,,,,,,
2017-05-01,,,-0.7456,,,,,,,,,
2017-05-02,,,-0.4342,,,,,,,,,
2017-05-03,,,-0.8199,,,,,,,,,
2017-05-04,,,-0.6537,,,,,,,,,
2017-05-05,,,-0.5990,,,,,,,,,
2017-05-06,,,-0.8161,,,,,,,,,
2017-05-07,,,-0.7343,,,,,,,,,
2017-05-08,,,-0.3300,,,,,,,,,
2017-05-09,,,-0.8822,,,,,,,,,
2017-05-10,,,-0.4456,,,,,,,,,
2017-05-11,,,-0.3927,,,,,,,,,
2017-05-12,,,-1.0475,,,,,,,,,
2017-05-13,,,-0.6954,,,,,,,,,
2017-05-14,,,-0.2973,,,,,,,,,
2017-05-15,,,-0.5070,,,,,,,,,
2017-05-16,,,-0.5870,,,,,,,,,
2017-05-17,,,-1.4722,,,,,,,,,
2017-05-18,,,-0.9917,,,,,,,,,
2017-05-19,,,-0.8791,,,,,,,,,
2017-05-20,,,-0.7574,,,,,,,,,
2017-05-21,,,-0.9668,,,,,,,,,
2017-05-22,,,-0.6744,,,,,,,,,
2017-05-23,,,-1.0352,,,,,,,,,
2017-05-24,,,-1.1712,,,,,,,,,
2017-05-25,,,-0.5313,,,,,,,,,
2017-05-26,,,-0.4500,,,,,,,,,
2017-05-27,,,-0.4154,,,,,,,,,
2017-05-28,,,-0.0613,,,,,,,,,
2017-05-29,,,-0.7361,,,,,,,,,
2017-05-30,,,-0.8122,,,,,,,,,
2017-05-31,,,-1.0565,,,,,,,,,
2017-06-01,,,-0.6377,,,,,,,,,
2017-06-02,,,-0.8479,,,,,,,,,
2017-06-03,,,-1.0098,,,,,,,,,
2017-06-04,,,-1.0707,,,,,,,,,
2017-06-05,,,-1.3591,,,,,,,,,
2017-06-06,,,-1.1584,,,,,,,,,
2017-06-07,,,-1.1410,,,,,,,,,
2017-06-08,,,-1.1548,,,,,,,,,
2017-06-09,,,-1.2998,,,,,,,,,
2017-06-10,,,-1.2257,,,,,,,,,
2017-06-11,,,-0.6854,,,,,,,,,
2017-06-12,,,-1.3665,,,,,,,,,
2017-06-13,,,-0.8492,,,,,,,,,
2017-06-14,,,-0.9833,,,,,,,,,
2017-06-15,,,-1.2232,,,,,,,,,
2017-06-16,,,-1.3068,,,,,,,,,
2017-06-17,,,-1.7130,,,,,,,,,
2017-06-18,,,-1.1365,,,,,,,,,
2017-06-19,,,-0.8190,,,,,,,,,
2017-06-20,,,-1.0570,,,,,,,,,
2017-06-21,,,-1.1829,,,,,,,,,
2017-06-22,,,-0.9153,,,,,,,,,
2017-06-23,,,-0.9464,,,,,,,,,
2017-06-24,,,-0.4829,,,,,,,,,
2017-06-25,,,-1.5953,,,,,,,,,
2017-06-26,,,-1.3295,,,,,,,,,
2017-06-27,,,-0.9180,,,,,,,,,
2017-06-28,,,-1.1015,,,,,,,,,
2017-06-29,,,-0.8293,,,,,,,,,
2017-06-30,,,-0.8122,,,,,,,,,
2017-07-01,,,-0.5362,,,,,,,,,
2017-07-02,,,-0.9107,,,,,,,,,
2017-07-03,,,-0.3462,,,,,,,,,
2017-07-04,,,-0.8627,,,,,,,,,
2017-07-05,,,-1.1311,,,,,,,,,
2017-07-06,,,-1.2050,,,,,,,,,
2017-07-07,,,-1.0279,,,,,,,,,
2017-07-08,,,-1.0442,,,,,,,,,
2017-07-09,,,-0.7180,,,,,,,,,
2017-07-10,,,-0.1647,,,,,,,,,
2017-07-11,,,-0.8301,,,,,,,,,
2017-07-12,,,-0.7760,,,,,,,,,
2017-07-13,,,-0.5755,,,,,,,,,
2017-07-14,,,-0.4172,,,,,,,,,
2017-07-15,,,-0.7734,,,,,,,,,
2017-07-16,,,-0.7314,,,,,,,,,
2017-07-17,,,-0.9003,,,,,,,,,
2017-07-18,,,-0.6958,,,,,,,,,
2017-07-19,,,-1.0658,,,,,,,,,
2017-07-20,,,-0.7012,,,,,,,,,
2017-07-21,,,-0.6974,,,,,,,,,
2017-07-22,,,-0.7069,,,,,,,,,
2017-07-23,,,-0.7860,,,,,,,,,
2017-07-24,,,-0.8341,,,,,,,,,
2017-07-25,,,-0.2632,,,,,,,,,
2017-07-26,,,-0.2808,,,,,,,,,
2017-07-27,,,-0.3589,,,,,,,,,
2017-07-28,,,-0.5360,,,,,,,,,
2017-07-29,,,-0.7852,,,,,,,,,
2017-07-30,,,-0.9417,,,,,,,,,
2017-07-31,,,-0.2728,,,,,,,,,
2017-08-01,,,-0.6881,,,,,,,,,
2017-08-02,,,-0.5797,,,,,,,,,
2017-08-03,,,-0.7236,,,,,,,,,
2017-08-04,,,-0.7944,,,,,,,,,
2017-08-05,,,-0.8585,,,,,,,,,
2017-08-06,,,-0.6294,,,,,,,,,
2017-08-07,,,-0.3241,,,,,,,,,
2017-08-08,,,-0.6666,,,,,,,,,
2017-08-09,,,-1.1335,,,,,,,,,
2017-08-10,,,-0.9893,,,,,,,,,
2017-08-11,,,-1.1407,,,,,,,,,
2017-08-12,,,-1.1398,,,,,,,,,
2017-08-13,,,-1.1839,,,,,,,,,
2017-08-14,,,-1.8433,,,,,,,,,
2017-08-15,,,-1.2283,,,,,,,,,
2017-08-16,,,-1.2220,,,,,,,,,
2017-08-17,,,-1.4315,,,,,,,,,
2017-08-18,,,-1.3459,,,,,,,,,
2017-08-19,,,-0.8396,,,,,,,,,
2017-08-20,,,-0.7729,,,,,,,,,
2017-08-21,,,-1.0092,,,,,,,,,
2017-08-22,,,-0.9546,,,,,,,,,
2017-08-23,,,-1.0899,,,,,,,,,
2017-08-24,,,-1.2116,,,,,,,,,
2017-08-25,,,-1.4654,,,,,,,,,
2017-08-26,,,-1.4448,,,,,,,,,
2017-08-27,,,-1.1160,,,,,,,,,
2017-08-28,,,-1.7275,,,,,,,,,
2017-08-29,,,-1.3082,,,,,,,,,
2017-08-30,,,-1.0355,,,,,,,,,
2017-08-31,,,-1.1707,,,,,,,,,
2017-09-01,,,-0.9577,,,,,,,,,
2017-09-02,,,0.1537,,,,,,,,,
2017-09-03,,,-0.0363,,,,,,,,,
2017-09-04,,,-1.1282,,,,,,,,,
2017-09-05,,,-0.8458,,,,,,,,,
2017-09-06,,,-0.9271,,,,,,,,,
2017-09-07,,,-1.1831,,,,,,,,,
2017-09-08,,,-1.4784,,,,,,,,,
2017-09-09,,,-1.1889,,,,,,,,,
2017-09-10,,,-0.1814,,,,,,,,,
2017-09-11,,,-1.0852,,,,,,,,,
2017-09-12,,,-1.0694,,,,,,,,,
2017-09-13,,,-1.0725,,,,,,,,,
2017-09-14,,,-1.0106,,,,,,,,,
2017-09-15,,,-1.3178,,,,,,,,,
2017-09-16,,,-1.0172,,,,,,,,,
2017-09-17,,,-1.2999,,,,,,,,,
2017-09-18,,,-0.6209,,,,,,,,,
2017-09-19,,,-0.6735,,,,,,,,,
2017-09-20,,,-1.0812,,,,,,,,,
2017-09-21,,,-0.9730,,,,,,,,,
2017-09-22,,,-1.3322,,,,,,,,,
2017-09-23,,,-1.3086,,,,,,,,,
2017-09-24,,,-0.5562,,,,,,,,,
2017-09-25,,,-1.1926,,,,,,,,,
2017-09-26,,,-1.3416,,,,,,,,,
2017-09-27,,,-1.5202,,,,,,,,,
2017-09-28,,,-0.9872,,,,,,,,,
2017-09-29,,,-1.1889,,,,,,,,,
2017-09-30,,,-1.1039,,,,,,,,,
2017-10-01,,,-1.1963,,,,,,,,,
2017-10-02,,,-0.5570,,,,,,,,,
2017-10-03,,,-0.8493,,,,,,,,,
2017-10-04,,,-1.4748,,,,,,,,,
2017-10-05,,,-1.0401,,,,,,,,,
2017-10-06,,,-1.3011,,,,,,,,,
2017-10-07,,,-1.8597,,,,,,,,,
2017-10-08,,,-0.8086,,,,,,,,,
2017-10-09,,,-0.6568,,,,,,,,,
2017-10-10,,,-0.7336,,,,,,,,,
2017-10-11,,,-0.8965,,,,,,,,,
2017-10-12,,,-0.5493,,,,,,,,,
2017-10-13,,,-0.8281,,,,,,,,,
2017-10-14,,,-0.9822,,,,,,,,,
2017-10-15,,,-0.8235,,,,,,,,,
2017-10-16,,,-0.7649,,,,,,,,,
2017-10-17,,,-0.5015,,,,,,,,,
2017-10-18,,,-0.7200,,,,,,,,,
2017-10-19,,,-0.6904,,,,,,,,,
2017-10-20,,,-0.9477,,,,,,,,,
2017-10-21,,,-0.6931,,,,,,,,,
2017-10-22,,,-0.4639,,,,,,,,,
2017-10-23,,,-0.7681,,,,,,,,,
2017-10-24,,,-0.5497,,,,,,,,,
2017-10-25,,,-0.7402,,,,,,,,,
2017-10-26,,,-0.9152,,,,,,,,,
2017-10-27,,,-0.8237,,,,,,,,,
2017-10-28,,,-0.5888,,,,,,,,,
2017-10-29,,,-0.7618,,,,,,,,,
2017-10-30,,,-0.4664,,,,,,,,,
2017-10-31,,,-0.7946,,,,,,,,,
2017-11-01,,,-0.5523,,,,,,,,,
2017-11-02,,,-0.7187,,,,,,,,,
2017-11-03,,,-0.8556,,,,,,,,,
2017-11-04,,,-0.8957,,,,,,,,,
2017-11-05,,,-1.1103,,,,,,,,,
2017-11-06,,,-0.8890,,,,,,,,,
2017-11-07,,,-0.8557,,,,,,,,,
2017-11-08,,,-1.2499,,,,,,,,,
2017-11-09,,,-0.6703,,,,,,,,,
2017-11-10,,,-1.5612,,,,,,,,,
2017-11-11,,,-1.1372,,,,,,,,,
2017-11-12,,,-0.7248,,,,,,,,,
2017-11-13,,,-1.0177,,,,,,,,,
2017-11-14,,,-1.0246,,,,,,,,,
2017-11-15,,,-0.8938,,,,,,,,,
2017-11-16,,,-1.0719,,,,,,,,,
2017-11-17,,,-1.3471,,,,,,,,,
2017-11-18,,,-0.9454,,,,,,,,,
2017-11-19,,,-1.0527,,,,,,,,,
2017-11-20,,,-0.6539,,,,,,,,,
2017-11-21,,,-0.8149,,,,,,,,,
2017-11-22,,,-0.7629,,,,,,,,,
2017-11-23,,,-0.8931,,,,,,,,,
2017-11-24,,,-0.7262,,,,,,,,,
2017-11-25,,,-1.4464,,,,,,,,,
2017-11-26,,,-1.5573,,,,,,,,,
2017-11-27,,,-1.3477,,,,,,,,,
2017-11-28,,,-1.2361,,,,,,,,,
2017-11-29,,,-0.9322,,,,,,,,,
2017-11-30,,,-0.9507,,,,,,,,,
2017-12-03,,,-1.3736,,,,,,,,,
2017-12-04,,,-1.0836,,,,,,,,,
2017-12-05,,,-0.7276,,,,,,,,,
2017-12-06,,,-0.7543,,,,,,,,,
2017-12-07,,,-0.8083,,,,,,,,,
2017-12-08,,,-0.8323,,,,,,,,,
2017-12-09,,,-0.4608,,,,,,,,,
2017-12-10,,,-0.7822,,,,,,,,,
2017-12-11,,,-0.6749,,,,,,,,,
2017-12-12,,,-0.6967,,,,,,,,,
2017-12-13,,,-0.8531,,,,,,,,,
2017-12-14,,,-0.9055,,,,,,,,,
2017-12-15,,,-0.8040,,,,,,,,,
2017-12-16,,,-0.9603,,,,,,,,,
2017-12-17,,,-0.8756,,,,,,,,,
2017-12-18,,,-0.6445,,,,,,,,,
2017-12-19,,,-0.6996,,,,,,,,,
2017-12-20,,,-1.1972,,,,,,,,,
2017-12-21,,,-1.1474,,,,,,,,,
2017-12-22,,,-0.8607,,,,,,,,,
2017-12-23,,,-1.0019,,,,,,,,,
2017-12-24,,,-0.5948,,,,,,,,,
2017-12-25,,,-0.5310,,,,,,,,,
2017-12-26,,,-0.4903,,,,,,,,,
2017-12-27,,,-0.3791,,,,,,,,,
2017-12-28,,,-0.5328,,,,,,,,,
2017-12-29,,,-0.7880,,,,,,,,,
2017-12-30,,,-0.2038,,,,,,,,,
2017-12-31,,,-0.6406,,,,,,,,,
2018-01-01,,,-0.1891,,,,,,,,,
2018-01-02,,,-0.4197,,,,,,,,,
2018-01-03,,,-0.4203,,,,,,,,,
2018-01-04,,,-0.3819,,,,,,,,,
2018-01-05,,,-0.5855,,,,,,,,,
2018-01-06,,,-1.1320,,,,,,,,,
2018-01-07,,,-0.9840,,,,,,,,,
2018-01-08,,,-0.2595,,,,,,,,,
2018-01-09,,,-0.2215,,,,,,,,,
2018-01-10,,,-0.4543,,,,,,,,,
2018-01-11,,,-0.5921,,,,,,,,,
2018-01-12,,,-0.5003,,,,,,,,,
2018-01-13,,,-0.5704,,,,,,,,,
2018-01-14,,,-0.8104,,,,,,,,,
2018-01-15,,,-0.5109,,,,,,,,,
2018-01-16,,,-0.4747,,,,,,,,,
2018-01-17,,,-0.7650,,,,,,,,,
2018-01-18,,,-0.5767,,,,,,,,,
2018-01-19,,,-0.6998,,,,,,,,,
2018-01-20,,,-0.6303,,,,,,,,,
2018-01-21,,,-0.5555,,,,,,,,,
2018-01-22,,,-0.6241,,,,,,,,,
2018-01-23,,,-0.8921,,,,,,,,,
2018-01-24,,,-0.5218,,,,,,,,,
2018-01-25,,,-0.6776,,,,,,,,,
2018-01-26,,,-0.9308,,,,,,,,,
2018-01-27,,,-0.7089,,,,,,,,,
2018-01-28,,,-0.6370,,,,,,,,,
2018-01-29,,,-0.4898,,,,,,,,,
2018-01-30,,,-0.9829,,,,,,,,,
2018-01-31,,,-0.4460,,,,,,,,,
2018-02-01,,,-0.6648,,,,,,,,,
2018-02-02,,,-0.8100,,,,,,,,,
2018-02-03,,,-1.5085,,,,,,,,,
2018-02-04,,,-1.2534,,,,,,,,,
2018-02-05,,,-2.3361,,,,,,,,,
2018-02-06,,,-2.2030,,,,,,,,,
2018-02-07,,,-1.4558,,,,,,,,,
2018-02-08,,,-1.3892,,,,,,,,,
2018-02-09,,,-2.3550,,,,,,,,,
2018-02-10,,,-2.1729,,,,,,,,,
2018-02-11,,,-1.4418,,,,,,,,,
2018-02-12,,,-1.4689,,,,,,,,,
2018-02-13,,,-0.9760,,,,,,,,,
2018-02-14,,,-1.0225,,,,,,,,,
2018-02-15,,,-0.9080,,,,,,,,,
2018-02-16,,,-1.0228,,,,,,,,,
2018-02-17,,,-1.0006,,,,,,,,,
2018-02-18,,,-0.9902,,,,,,,,,
2018-02-19,,,-1.1845,,,,,,,,,
2018-02-20,,,-1.0926,,,,,,,,,
2018-02-21,,,-0.7301,,,,,,,,,
2018-02-22,,,-0.8558,,,,,,,,,
2018-02-23,,,-1.0654,,,,,,,,,
2018-02-24,,,-2.0451,,,,,,,,,
2018-02-25,,,-0.7269,,,,,,,,,
2018-02-26,,,-0.3498,,,,,,,,,
2018-02-27,,,-0.5045,,,,,,,,,
2018-02-28,,,-0.9392,,,,,,,,,
2018-03-01,,,-1.3944,,,,,,,,,
2018-03-02,,,-1.7892,,,,,,,,,
2018-03-03,,,-1.6601,,,,,,,,,
2018-03-04,,,-1.0676,,,,,,,,,
2018-03-05,,,-1.3616,,,,,,,,,
2018-03-06,,,-1.0768,,,,,,,,,
2018-03-07,,,-1.1284,,,,,,,,,
2018-03-08,,,-1.0713,,,,,,,,,
2018-03-09,,,-1.0736,,,,,,,,,
2018-03-10,,,-0.8343,,,,,,,,,
2018-03-11,,,-0.8326,,,,,,,,,
2018-03-12,,,-0.9644,,,,,,,,,
2018-03-13,,,-1.0823,,,,,,,,,
2018-03-14,,,-1.3257,,,,,,,,,
2018-03-15,,,-1.1181,,,,,,,,,
2018-03-16,,,-1.4278,,,,,,,,,
2018-03-17,,,-0.9100,,,,,,,,,
2018-03-18,,,-0.8834,,,,,,,,,
2018-03-19,,,-1.1568,,,,,,,,,
2018-03-20,,,-1.3088,,,,,,,,,
2018-03-21,,,-0.8789,,,,,,,,,
2018-03-22,,,-1.4441,,,,,,,,,
2018-03-23,,,-2.2652,,,,,,,,,
2018-03-24,,,-1.9506,,,,,,,,,
2018-03-25,,,-0.8919,,,,,,,,,
2018-03-26,,,-0.9614,,,,,,,,,
2018-03-27,,,-0.8352,,,,,,,,,
2018-03-28,,,-1.1738,,,,,,,,,
2018-03-29,,,-1.1483,,,,,,,,,
2018-03-30,,,-0.8702,,,,,,,,,
2018-03-31,,,-0.2006,,,,,,,,,
2018-04-01,,,-0.8867,,,,,,,,,
2018-04-02,,,-1.1337,,,,,,,,,
2018-04-03,,,-0.7735,,,,,,,,,
2018-04-04,,,-1.1476,,,,,,,,,
2018-04-05,,,-0.9995,,,,,,,,,
2018-04-06,,,-1.5000,,,,,,,,,
2018-04-07,,,-1.9496,,,,,,,,,
2018-04-08,,,-1.1870,,,,,,,,,
2018-04-09,,,-1.8675,,,,,,,,,
2018-04-10,,,-1.4401,,,,,,,,,
2018-04-11,,,-1.3010,,,,,,,,,
2018-04-12,,,-1.4186,,,,,,,,,
2018-04-13,,,-0.8483,,,,,,,,,
2018-04-14,,,-0.7450,,,,,,,,,
2018-04-15,,,-0.7845,,,,,,,,,
2018-04-16,,,-0.9832,,,,,,,,,
2018-04-17,,,-0.9344,,,,,,,,,
2018-04-18,,,-0.9748,,,,,,,,,
2018-04-19,,,-1.2267,,,,,,,,,
2018-04-20,,,-2.0867,,,,,,,,,
2018-04-21,,,-1.6615,,,,,,,,,
2018-04-22,,,-0.7474,,,,,,,,,
2018-04-23,,,-1.1771,,,,,,,,,
2018-04-24,,,-0.6234,,,,,,,,,
2018-04-25,,,-0.9499,,,,,,,,,
2018-04-26,,,-0.7043,,,,,,,,,
2018-04-27,,,-0.8416,,,,,,,,,
2018-04-28,,,-0.7954,,,,,,,,,
2018-04-29,,,-0.8042,,,,,,,,,
2018-04-30,,,-0.2585,,,,,,,,,
2018-05-01,,,-0.7231,,,,,,,,,
2018-05-02,,,-0.7255,,,,,,,,,
2018-05-03,,,-1.1490,,,,,,,,,
2018-05-04,,,-1.1656,,,,,,,,,
2018-05-05,,,-0.7868,,,,,,,,,
2018-05-06,,,-1.4102,,,,,,,,,
2018-05-07,,,-0.9360,,,,,,,,,
2018-05-08,,,-0.9159,,,,,,,,,
2018-05-09,,,-0.9676,,,,,,,,,
2018-05-10,,,-1.2477,,,,,,,,,
2018-05-11,,,-1.1798,,,,,,,,,
2018-05-12,,,-0.8587,,,,,,,,,
2018-05-13,,,-0.5405,,,,,,,,,
2018-05-14,,,-0.7496,,,,,,,,,
2018-05-15,,,-1.0908,,,,,,,,,
2018-05-16,,,-1.0494,,,,,,,,,
2018-05-17,,,-0.9807,,,,,,,,,
2018-05-18,,,-0.9751,,,,,,,,,
2018-05-19,,,-0.6904,,,,,,,,,
2018-05-20,,,0.1664,,,,,,,,,
2018-05-21,,,-0.4816,,,,,,,,,
2018-05-22,,,-0.7655,,,,,,,,,
2018-05-23,,,-1.5092,,,,,,,,,
2018-05-24,,,-1.2640,,,,,,,,,
2018-05-25,,,-0.9934,,,,,,,,,
2018-05-26,,,-1.2556,,,,,,,,,
2018-05-27,,,-1.2849,,,,,,,,,
2018-05-28,,,-1.1530,,,,,,,,,
2018-05-29,,,-1.4357,,,,,,,,,
2018-05-30,,,-1.4036,,,,,,,,,
2018-05-31,,,-1.2743,,,,,,,,,
2018-06-01,,,-1.2850,,,,,,,,,
2018-06-02,,,-1.6377,,,,,,,,,
2018-06-03,,,-1.2568,,,,,,,,,
2018-06-04,,,-1.0864,,,,,,,,,
2018-06-05,,,-0.9672,,,,,,,,,
2018-06-06,,,-0.7983,,,,,,,,,
2018-06-07,,,-1.0317,,,,,,,,,
2018-06-08,,,-1.2475,,,,,,,,,
2018-06-09,,,-1.1341,,,,,,,,,
2018-06-10,,,-1.2075,,,,,,,,,
2018-06-11,,,-1.5629,,,,,,,,,
2018-06-12,,,-0.8738,,,,,,,,,
2018-06-13,,,-0.8989,,,,,,,,,
2018-06-14,,,-1.0679,,,,,,,,,
2018-06-15,,,-1.2601,,,,,,,,,
2018-06-16,,,-1.0662,,,,,,,,,
2018-06-17,,,-1.2477,,,,,,,,,
2018-06-18,,,-1.5370,,,,,,,,,
2018-06-19,,,-1.5656,,,,,,,,,
2018-06-20,,,-1.3512,,,,,,,,,
2018-06-21,,,-1.2855,,,,,,,,,
2018-06-22,,,-1.8834,,,,,,,,,
2018-06-23,,,-1.2337,,,,,,,,,
2018-06-24,,,-1.2076,,,,,,,,,
2018-06-25,,,-1.4336,,,,,,,,,
2018-06-26,,,-1.2635,,,,,,,,,
2018-06-27,,,-1.3528,,,,,,,,,
2018-06-28,,,-1.3105,,,,,,,,,
2018-06-29,,,-1.4363,,,,,,,,,
2018-06-30,,,-1.6851,,,,,,,,,
2018-07-01,,,-1.2294,,,,,,,,,
2018-07-02,,,-1.1054,,,,,,,,,
2018-07-03,,,-0.9951,,,,,,,,,
2018-07-04,,,-1.1638,,,,,,,,,
2018-07-05,,,-1.0539,,,,,,,,,
2018-07-06,,,-2.0420,,,,,,,,,
2018-07-07,,,-2.1386,,,,,,,,,
2018-07-08,,,-1.0932,,,,,,,,,
2018-07-09,,,-0.5753,,,,,,,,,
2018-07-10,,,-0.7365,,,,,,,,,
2018-07-11,,,-0.8241,,,,,,,,,
2018-07-12,,,-1.3779,,,,,,,,,
2018-07-13,,,-0.9933,,,,,,,,,
2018-07-14,,,-1.4771,,,,,,,,,
2018-07-15,,,-1.4648,,,,,,,,,
2018-07-16,,,-1.0351,,,,,,,,,
2018-07-17,,,-1.0690,,,,,,,,,
2018-07-18,,,-1.2570,,,,,,,,,
2018-07-19,,,-1.3431,,,,,,,,,
2018-07-20,,,-1.8289,,,,,,,,,
2018-07-21,,,-1.4980,,,,,,,,,
2018-07-22,,,-1.6325,,,,,,,,,
2018-07-23,,,-1.6562,,,,,,,,,
2018-07-24,,,-0.8259,,,,,,,,,
2018-07-25,,,-0.8573,,,,,,,,,
2018-07-26,,,-1.1323,,,,,,,,,
2018-07-27,,,-1.1535,,,,,,,,,
2018-07-28,,,-1.1741,,,,,,,,,
2018-07-29,,,-0.3221,,,,,,,,,
2018-07-30,,,-1.0734,,,,,,,,,
2018-07-31,,,-0.7527,,,,,,,,,
2018-08-01,,,-1.1195,,,,,,,,,
2018-08-02,,,-1.3532,,,,,,,,,
2018-08-03,,,-1.6106,,,,,,,,,
2018-08-04,,,-0.9751,,,,,,,,,
2018-08-05,,,-0.9299,,,,,,,,,
2018-08-06,,,-1.0430,,,,,,,,,
2018-08-07,,,-0.7599,,,,,,,,,
2018-08-08,,,-0.7010,,,,,,,,,
2018-08-09,,,-1.0631,,,,,,,,,
2018-08-10,,,-2.0308,,,,,,,,,
2018-08-11,,,-2.0207,,,,,,,,,
2018-08-12,,,-2.1554,,,,,,,,,
2018-08-13,,,-2.6452,,,,,,,,,
2018-08-14,,,-2.1593,,,,,,,,,
2018-08-15,,,-1.8750,,,,,,,,,
2018-08-16,,,-1.8262,,,,,,,,,
2018-08-17,,,-2.2436,,,,,,,,,
2018-08-18,,,-2.9258,,,,,,,,,
2018-08-19,,,-1.5658,,,,,,,,,
2018-08-20,,,-1.1133,,,,,,,,,
2018-08-21,,,-1.4519,,,,,,,,,
2018-08-22,,,-1.4990,,,,,,,,,
2018-08-23,,,-1.6060,,,,,,,,,
2018-08-24,,,-1.6807,,,,,,,,,
2018-08-25,,,-1.2004,,,,,,,,,
2018-08-26,,,-1.3942,,,,,,,,,
2018-08-27,,,-0.5019,,,,,,,,,
2018-08-28,,,-0.6878,,,,,,,,,
2018-08-29,,,-0.7818,,,,,,,,,
2018-08-30,,,-1.3436,,,,,,,,,
2018-08-31,,,-1.9109,,,,,,,,,
2018-09-01,,,-1.0468,,,,,,,,,
2018-09-02,,,-0.9854,,,,,,,,,
2018-09-03,,,-1.8411,,,,,,,,,
2018-09-04,,,-1.6728,,,,,,,,,
2018-09-05,,,-1.9116,,,,,,,,,
2018-09-06,,,-1.5472,,,,,,,,,
2018-09-07,,,-1.1983,,,,,,,,,
2018-09-08,,,-0.9741,,,,,,,,,
2018-09-09,,,-0.6517,,,,,,,,,
2018-09-10,,,-1.8713,,,,,,,,,
2018-09-11,,,-1.6630,,,,,,,,,
2018-09-12,,,-1.6114,,,,,,,,,
2018-09-13,,,-1.6002,,,,,,,,,
2018-09-14,,,-1.6874,,,,,,,,,
2018-09-15,,,-1.9096,,,,,,,,,
2018-09-16,,,-1.8205,,,,,,,,,
2018-09-17,,,-1.5400,,,,,,,,,
2018-09-18,,,-1.8287,,,,,,,,,
2018-09-19,,,-1.2250,,,,,,,,,
2018-09-20,,,-0.3506,,,,,,,,,
2018-09-21,,,-0.8936,,,,,,,,,
2018-09-22,,,-1.2365,,,,,,,,,
2018-09-23,,,-1.5927,,,,,,,,,
2018-09-24,,,-0.5405,,,,,,,,,
2018-09-25,,,-0.9635,,,,,,,,,
2018-09-26,,,-1.0372,,,,,,,,,
2018-09-27,,,-1.1523,,,,,,,,,
2018-09-28,,,-0.9802,,,,,,,,,
2018-09-29,,,-1.7721,,,,,,,,,
2018-09-30,,,-1.6158,,,,,,,,,
2018-10-01,,,-0.9138,,,,,,,,,
2018-10-02,,,-1.1178,,,,,,,,,
2018-10-03,,,-1.1516,,,,,,,,,
2018-10-04,,,-1.1352,,,,,,,,,
2018-10-05,,,-1.5425,,,,,,,,,
2018-10-06,,,-1.1132,,,,,,,,,
2018-10-07,,,-1.8346,,,,,,,,,
2018-10-08,,,-1.0123,,,,,,,,,
2018-10-09,,,-2.2217,,,,,,,,,
2018-10-10,,,-2.0423,,,,,,,,,
2018-10-11,,,-2.7750,,,,,,,,,
2018-10-12,,,-1.9257,,,,,,,,,
2018-10-13,,,-1.6090,,,,,,,,,
2018-10-14,,,-3.5349,,,,,,,,,
2018-10-15,,,-2.3044,,,,,,,,,
2018-10-16,,,-1.3505,,,,,,,,,
2018-10-17,,,-1.0797,,,,,,,,,
2018-10-18,,,-1.8928,,,,,,,,,
2018-10-19,,,-1.7633,,,,,,,,,
2018-10-20,,,-1.9009,,,,,,,,,
2018-10-21,,,-1.5156,,,,,,,,,
2018-10-22,,,-1.3437,,,,,,,,,
2018-10-23,,,-1.8440,,,,,,,,,
2018-10-24,,,-1.6779,,,,,,,,,
2018-10-25,,,-2.3933,,,,,,,,,
2018-10-26,,,-1.8317,,,,,,,,,
2018-10-27,,,-1.0556,,,,,,,,,
2018-10-28,,,-1.6230,,,,,,,,,
2018-10-29,,,-1.6759,,,,,,,,,
2018-10-30,,,-1.7121,,,,,,,,,
2018-10-31,,,-1.3848,,,,,,,,,
2018-11-01,,,-1.2042,,,,,,,,,
2018-11-02,,,-0.5645,,,,,,,,,
2018-11-03,,,-0.7211,,,,,,,,,
2018-11-04,,,-0.7215,,,,,,,,,
2018-11-05,,,-1.4232,,,,,,,,,
2018-11-06,,,-1.0686,,,,,,,,,
2018-11-07,,,-0.9916,,,,,,,,,
2018-11-08,,,-0.9048,,,,,,,,,
2018-11-09,,,-1.4063,,,,,,,,,
2018-11-10,,,-1.1920,,,,,,,,,
2018-11-11,,,-1.1334,,,,,,,,,
2018-11-12,,,-1.5606,,,,,,,,,
2018-11-13,,,-1.2414,,,,,,,,,
2018-11-14,,,-1.4296,,,,,,,,,
2018-11-15,,,-1.4555,,,,,,,,,
2018-11-16,,,-1.8786,,,,,,,,,
2018-11-17,,,-1.2004,,,,,,,,,
2018-11-18,,,-0.9230,,,,,,,,,
2018-11-19,,,-1.5612,,,,,,,,,
2018-11-20,,,-1.9126,,,,,,,,,
2018-11-21,,,-1.8989,,,,,,,,,
2018-11-22,,,-1.8291,,,,,,,,,
2018-11-23,,,-1.6209,,,,,,,,,
2018-11-24,,,-1.9503,,,,,,,,,
2018-11-25,,,-1.2066,,,,,,,,,
2018-11-26,,,-1.4288,,,,,,,,,
2018-11-27,,,-1.2496,,,,,,,,,
2018-11-28,,,-1.8815,,,,,,,,,
2018-11-29,,,-1.7115,,,,,,,,,
2018-11-30,,,-1.3480,,,,,,,,,
2018-12-01,,,-1.1678,,,,,,,,,
2018-12-02,,,-0.7643,,,,,,,,,
2018-12-03,,,-1.3349,,,,,,,,,
2018-12-04,,,-1.4925,,,,,,,,,
2018-12-05,,,-1.7565,,,,,,,,,
2018-12-06,,,-1.7601,,,,,,,,,
2018-12-07,,,-1.6681,,,,,,,,,
2018-12-08,,,-1.4816,,,,,,,,,
2018-12-09,,,-1.1697,,,,,,,,,
2018-12-10,,,-1.6652,,,,,,,,,
2018-12-11,,,-1.6133,,,,,,,,,
2018-12-12,,,-1.1285,,,,,,,,,
2018-12-13,,,-1.3087,,,,,,,,,
2018-12-14,,,-1.9399,,,,,,,,,
2018-12-15,,,-1.4243,,,,,,,,,
2018-12-16,,,-1.1766,,,,,,,,,
2018-12-17,,,-2.1602,,,,,,,,,
2018-12-18,,,-2.1628,,,,,,,,,
2018-12-19,,,-1.7220,,,,,,,,,
2018-12-20,,,-2.0533,,,,,,,,,
2018-12-21,,,-2.4487,,,,,,,,,
2018-12-22,,,-3.2122,,,,,,,,,
2018-12-23,,,-2.7605,,,,,,,,,
2018-12-24,,,-2.8356,,,,,,,,,
2018-12-25,,,-2.4942,,,,,,,,,
2018-12-26,,,-2.5981,,,,,,,,,
2018-12-27,,,-1.9906,,,,,,,,,
2018-12-28,,,-2.2054,,,,,,,,,
2018-12-29,,,-1.9925,,,,,,,,,
2018-12-30,,,-1.9069,,,,,,,,,
2018-12-31,,,-1.9433,,,,,,,,,
2019-01-01,,,-2.0406,,,,,,,,,
2019-01-02,,,-1.9773,,,,,,,,,
2019-01-03,,,-1.7133,,,,,,,,,
2019-01-04,,,-1.6969,,,,,,,,,
2019-01-05,,,-1.3644,,,,,,,,,
2019-01-06,,,-1.5193,,,,,,,,,
2019-01-07,,,-1.1397,,,,,,,,,
2019-01-08,,,-1.4077,,,,,,,,,
2019-01-09,,,-1.4497,,,,,,,,,
2019-01-10,,,-1.1905,,,,,,,,,
2019-01-11,,,-1.4362,,,,,,,,,
2019-01-12,,,-1.4518,,,,,,,,,
2019-01-13,,,-1.3384,,,,,,,,,
2019-01-14,,,-1.1960,,,,,,,,,
2019-01-15,,,-0.9968,,,,,,,,,
2019-01-16,,,-1.1093,,,,,,,,,
2019-01-17,,,-1.3697,,,,,,,,,
2019-01-18,,,-0.7676,,,,,,,,,
2019-01-19,,,-1.3940,,,,,,,,,
2019-01-20,,,-1.8084,,,,,,,,,
2019-01-21,,,-1.9676,,,,,,,,,
2019-01-22,,,-1.9648,,,,,,,,,
2019-01-23,,,-1.3582,,,,,,,,,
2019-01-24,,,-1.5893,,,,,,,,,
2019-01-25,,,-1.4793,,,,,,,,,
2019-01-26,,,-1.6498,,,,,,,,,
2019-01-27,,,-1.6159,,,,,,,,,
2019-01-28,,,-1.3127,,,,,,,,,
2019-01-29,,,-1.9195,,,,,,,,,
2019-01-30,,,-1.4490,,,,,,,,,
2019-01-31,,,-0.8758,,,,,,,,,
2019-02-01,,,-1.1952,,,,,,,,,
2019-02-02,,,-1.2630,,,,,,,,,
2019-02-03,,,-0.9975,,,,,,,,,
2019-02-04,,,-1.0121,,,,,,,,,
2019-02-05,,,-1.3416,,,,,,,,,
2019-02-06,,,-1.3001,,,,,,,,,
2019-02-07,,,-1.2674,,,,,,,,,
2019-02-08,,,-1.3228,,,,,,,,,
2019-02-09,,,-1.2537,,,,,,,,,
2019-02-10,,,-1.2179,,,,,,,,,
2019-02-11,,,-1.0195,,,,,,,,,
2019-02-12,,,-1.0869,,,,,,,,,
2019-02-13,,,-1.4763,,,,,,,,,
2019-02-14,,,-1.1676,,,,,,,,,
2019-02-15,,,-1.4063,,,,,,,,,
2019-02-16,,,-0.8512,,,,,,,,,
2019-02-17,,,-1.2121,,,,,,,,,
2019-02-18,,,-0.7294,,,,,,,,,
2019-02-19,,,-0.6515,,,,,,,,,
2019-02-20,,,-0.7972,,,,,,,,,
2019-02-21,,,-1.0540,,,,,,,,,
2019-02-22,,,-1.1523,,,,,,,,,
2019-02-23,,,-0.5135,,,,,,,,,
2019-02-24,,,-0.6304,,,,,,,,,
2019-02-25,,,-1.2465,,,,,,,,,
2019-02-26,,,-1.3223,,,,,,,,,
2019-02-27,,,-1.1958,,,,,,,,,
2019-02-28,,,-1.2244,,,,,,,,,
2019-03-01,,,-1.0220,,,,,,,,,
2019-03-02,,,-1.3289,,,,,,,,,
2019-03-03,,,-1.3235,,,,,,,,,
2019-03-04,,,-0.5624,,,,,,,,,
2019-03-05,,,-1.1472,,,,,,,,,
2019-03-06,,,-1.4599,,,,,,,,,
2019-03-07,,,-1.5123,,,,,,,,,
2019-03-08,,,-1.7233,,,,,,,,,
2019-03-09,,,-1.4448,,,,,,,,,
2019-03-10,,,-1.5394,,,,,,,,,
2019-03-11,,,-1.7714,,,,,,,,,
2019-03-12,,,-1.3452,,,,,,,,,
2019-03-13,,,-1.4056,,,,,,,,,
2019-03-14,,,-1.1084,,,,,,,,,
2019-03-15,,,-1.3813,,,,,,,,,
2019-03-16,,,-0.9763,,,,,,,,,
2019-03-17,,,-1.0450,,,,,,,,,
2019-03-18,,,-1.1255,,,,,,,,,
2019-03-19,,,-0.9767,,,,,,,,,
2019-03-20,,,-1.0260,,,,,,,,,
2019-03-21,,,-0.8899,,,,,,,,,
2019-03-22,,,-1.4157,,,,,,,,,
2019-03-23,,,-1.7016,,,,,,,,,
2019-03-24,,,-1.6505,,,,,,,,,
2019-03-25,,,-1.8295,,,,,,,,,
2019-03-26,,,-0.6052,,,,,,,,,
2019-03-27,,,-1.1633,,,,,,,,,
2019-03-28,,,-1.7080,,,,,,,,,
2019-03-29,,,-1.3199,,,,,,,,,
2019-03-30,,,-2.2255,,,,,,,,,
2019-03-31,,,-2.2160,,,,,,,,,
2019-04-01,,,-0.7702,,,,,,,,,
2019-04-02,,,-1.5296,,,,,,,,,
2019-04-03,,,-1.0742,,,,,,,,,
2019-04-04,,,-1.3349,,,,,,,,,
2019-04-05,,,-0.9920,,,,,,,,,
2019-04-06,,,-1.5729,,,,,,,,,
2019-04-07,,,-1.7970,,,,,,,,,
2019-04-08,,,-1.1405,,,,,,,,,
2019-04-09,,,-1.5222,,,,,,,,,
2019-04-10,,,-1.2794,,,,,,,,,
2019-04-11,,,-1.3069,,,,,,,,,
2019-04-12,,,-0.9904,,,,,,,,,
2019-04-13,,,-1.4535,,,,,,,,,
2019-04-14,,,-1.5354,,,,,,,,,
2019-04-15,,,-0.9691,,,,,,,,,
2019-04-16,,,-1.0937,,,,,,,,,
2019-04-17,,,-0.9662,,,,,,,,,
2019-04-18,,,-1.0078,,,,,,,,,
2019-04-19,,,-0.8586,,,,,,,,,
2019-04-20,,,-1.0322,,,,,,,,,
2019-04-21,,,-1.1870,,,,,,,,,
2019-04-22,,,-1.7155,,,,,,,,,
2019-04-23,,,-1.3068,,,,,,,,,
2019-04-24,,,-1.1264,,,,,,,,,
2019-04-25,,,-0.7733,,,,,,,,,
2019-04-26,,,-1.0173,,,,,,,,,
2019-04-27,,,-0.6516,,,,,,,,,
2019-04-28,,,-1.9723,,,,,,,,,
2019-04-29,,,-1.1004,,,,,,,,,
2019-04-30,,,-0.8896,,,,,,,,,
2019-05-01,,,-0.9280,,,,,,,,,
2019-05-02,,,-1.5594,,,,,,,,,
2019-05-03,,,-0.7183,,,,,,,,,
2019-05-04,,,-0.5031,,,,,,,,,
2019-05-05,,,-1.1671,,,,,,,,,
2019-05-06,,,-1.5123,,,,,,,,,
2019-05-07,,,-1.3886,,,,,,,,,
2019-05-08,,,-1.2628,,,,,,,,,
2019-05-09,,,-1.1908,,,,,,,,,
2019-05-10,,,-1.6295,,,,,,,,,
2019-05-11,,,-1.1910,,,,,,,,,
2019-05-12,,,-1.0086,,,,,,,,,
2019-05-13,,,-1.3481,,,,,,,,,
2019-05-14,,,-1.6157,,,,,,,,,
2019-05-15,,,-1.3365,,,,,,,,,
2019-05-16,,,-1.2226,,,,,,,,,
2019-05-17,,,-1.1087,,,,,,,,,
2019-05-18,,,-1.2038,,,,,,,,,
2019-05-19,,,-1.3759,,,,,,,,,
2019-05-20,,,-0.9912,,,,,,,,,
2019-05-21,,,-1.3167,,,,,,,,,
2019-05-22,,,-1.5693,,,,,,,,,
2019-05-23,,,-1.8047,,,,,,,,,
2019-05-24,,,-1.5126,,,,,,,,,
2019-05-25,,,-1.1289,,,,,,,,,
2019-05-26,,,-1.1153,,,,,,,,,
2019-05-27,,,-1.1543,,,,,,,,,
2019-05-28,,,-1.0703,,,,,,,,,
2019-05-29,,,-1.3468,,,,,,,,,
2019-05-30,,,-1.2501,,,,,,,,,
2019-05-31,,,-1.4603,,,,,,,,,
2019-06-01,,,-0.9833,,,,,,,,,
2019-06-02,,,-1.4944,,,,,,,,,
2019-06-03,,,-1.8208,,,,,,,,,
2019-06-04,,,-1.8198,,,,,,,,,
2019-06-05,,,-2.1604,,,,,,,,,
2019-06-06,,,-1.8436,,,,,,,,,
2019-06-07,,,-2.0833,,,,,,,,,
2019-06-08,,,-1.7242,,,,,,,,,
2019-06-09,,,-1.1393,,,,,,,,,
2019-06-10,,,-1.4999,,,,,,,,,
2019-06-11,,,-1.5477,,,,,,,,,
2019-06-12,,,-1.9179,,,,,,,,,
2019-06-13,,,-1.5590,,,,,,,,,
2019-06-14,,,-2.2613,,,,,,,,,
2019-06-15,,,-2.2219,,,,,,,,,
2019-06-16,,,-0.9973,,,,,,,,,
2019-06-17,,,-1.8747,,,,,,,,,
2019-06-18,,,-1.7087,,,,,,,,,
2019-06-19,,,-1.3274,,,,,,,,,
2019-06-20,,,-1.5008,,,,,,,,,
2019-06-21,,,-1.7777,,,,,,,,,
2019-06-22,,,-1.5822,,,,,,,,,
2019-06-23,,,-2.2085,,,,,,,,,
2019-06-24,,,-1.7045,,,,,,,,,
2019-06-25,,,-1.6670,,,,,,,,,
2019-06-26,,,-1.6495,,,,,,,,,
2019-06-27,,,-1.1585,,,,,,,,,
2019-06-28,,,-1.1983,,,,,,,,,
2019-06-29,,,-0.5010,,,,,,,,,
2019-06-30,,,-1.4695,,,,,,,,,
2019-07-01,,,-1.3798,,,,,,,,,
2019-07-02,,,-1.7114,,,,,,,,,
2019-07-03,,,-1.0690,,,,,,,,,
2019-07-04,,,-0.9657,,,,,,,,,
2019-07-05,,,-1.7217,,,,,,,,,
2019-07-06,,,-1.3749,,,,,,,,,
2019-07-07,,,-0.9918,,,,,,,,,
2019-07-08,,,-1.7415,,,,,,,,,
2019-07-09,,,-1.4416,,,,,,,,,
2019-07-10,,,-1.8871,,,,,,,,,
2019-07-11,,,-1.4684,,,,,,,,,
2019-07-12,,,-1.5480,,,,,,,,,
2019-07-13,,,-1.4175,,,,,,,,,
2019-07-14,,,-1.7673,,,,,,,,,
2019-07-15,,,-1.1982,,,,,,,,,
2019-07-16,,,-1.0731,,,,,,,,,
2019-07-17,,,-1.2986,,,,,,,,,
2019-07-18,,,-1.5749,,,,,,,,,
2019-07-19,,,-1.2603,,,,,,,,,
2019-07-20,,,-1.2931,,,,,,,,,
2019-07-21,,,-1.3478,,,,,,,,,
2019-07-22,,,-1.3178,,,,,,,,,
2019-07-23,,,-1.3318,,,,,,,,,
2019-07-24,,,-1.0168,,,,,,,,,
2019-07-25,,,-1.1785,,,,,,,,,
2019-07-26,,,-1.6018,,,,,,,,,
2019-07-27,,,-1.2752,,,,,,,,,
2019-07-28,,,-1.2836,,,,,,,,,
2019-07-29,,,-1.5745,,,,,,,,,
2019-07-30,,,-1.4123,,,,,,,,,
2019-07-31,,,-2.6383,,,,,,,,,
2019-08-01,,,-2.4695,,,,,,,,,
2019-08-02,,,-2.2192,,,,,,,,,
2019-08-03,,,-2.1103,,,,,,,,,
2019-08-04,,,-1.8544,,,,,,,,,
2019-08-05,,,-2.7189,,,,,,,,,
2019-08-06,,,-2.2548,,,,,,,,,
2019-08-07,,,-2.3970,,,,,,,,,
2019-08-08,,,-1.8415,,,,,,,,,
2019-08-09,,,-1.8074,,,,,,,,,
2019-08-10,,,-1.7145,,,,,,,,,
2019-08-11,,,-1.4338,,,,,,,,,
2019-08-12,,,-2.0191,,,,,,,,,
2019-08-13,,,-1.8492,,,,,,,,,
2019-08-14,,,-2.8966,,,,,,,,,
2019-08-15,,,-3.1206,,,,,,,,,
2019-08-16,,,-2.3678,,,,,,,,,
2019-08-17,,,-2.1338,,,,,,,,,
2019-08-18,,,-2.5351,,,,,,,,,
2019-08-19,,,-2.2448,,,,,,,,,
2019-08-20,,,-2.3400,,,,,,,,,
2019-08-21,,,-2.5364,,,,,,,,,
2019-08-22,,,-2.3608,,,,,,,,,
2019-08-23,,,-3.0466,,,,,,,,,
2019-08-24,,,-2.2230,,,,,,,,,
2019-08-25,,,-2.2344,,,,,,,,,
2019-08-26,,,-2.3018,,,,,,,,,
2019-08-27,,,-1.6969,,,,,,,,,
2019-08-28,,,-1.3251,,,,,,,,,
2019-08-29,,,-1.3974,,,,,,,,,
2019-08-30,,,-1.6322,,,,,,,,,
2019-08-31,,,-1.9248,,,,,,,,,
2019-09-01,,,-1.1658,,,,,,,,,
2019-09-02,,,-1.5995,,,,,,,,,
2019-09-03,,,-1.7433,,,,,,,,,
2019-09-04,,,-1.8318,,,,,,,,,
2019-09-05,,,-1.5694,,,,,,,,,
2019-09-06,,,-1.9339,,,,,,,,,
2019-09-07,,,-1.5558,,,,,,,,,
2019-09-08,,,-1.3223,,,,,,,,,
2019-09-09,,,-1.2898,,,,,,,,,
2019-09-10,,,-1.3429,,,,,,,,,
2019-09-11,,,-1.1726,,,,,,,,,
2019-09-12,,,-1.3141,,,,,,,,,
2019-09-13,,,-1.3193,,,,,,,,,
2019-09-14,,,-0.7849,,,,,,,,,
2019-09-15,,,-1.3469,,,,,,,,,
2019-09-16,,,-2.3629,,,,,,,,,
2019-09-17,,,-2.3177,,,,,,,,,
2019-09-18,,,-2.4043,,,,,,,,,
2019-09-19,,,-2.0249,,,,,,,,,
2019-09-20,,,-1.9758,,,,,,,,,
2019-09-21,,,-1.5820,,,,,,,,,
2019-09-22,,,-1.6627,,,,,,,,,
2019-09-23,,,-1.2607,,,,,,,,,
2019-09-24,,,-1.5589,,,,,,,,,
2019-09-25,,,-1.3823,,,,,,,,,
2019-09-26,,,-1.3896,,,,,,,,,
2019-09-27,,,-1.7432,,,,,,,,,
2019-09-28,,,-1.1144,,,,,,,,,
2019-09-29,,,-1.2593,,,,,,,,,
2019-09-30,,,-1.6189,,,,,,,,,
2019-10-01,,,-1.7692,,,,,,,,,
2019-10-02,,,-2.0971,,,,,,,,,
2019-10-03,,,-2.1483,,,,,,,,,
2019-10-04,,,-2.2338,,,,,,,,,
2019-10-05,,,-1.8570,,,,,,,,,
2019-10-06,,,-1.6579,,,,,,,,,
2019-10-07,,,-1.8843,,,,,,,,,
2019-10-08,,,-1.7749,,,,,,,,,
2019-10-09,,,-1.7437,,,,,,,,,
2019-10-10,,,-1.6127,,,,,,,,,
2019-10-11,,,-0.9324,,,,,,,,,
2019-10-12,,,-0.9488,,,,,,,,,
2019-10-13,,,-0.8234,,,,,,,,,
2019-10-14,,,-0.9827,,,,,,,,,
2019-10-15,,,-0.7786,,,,,,,,,
2019-10-16,,,-1.1933,,,,,,,,,
2019-10-17,,,-1.4708,,,,,,,,,
2019-10-18,,,-1.0702,,,,,,,,,
2019-10-19,,,-2.2265,,,,,,,,,
2019-10-20,,,-1.3438,,,,,,,,,
2019-10-21,,,-1.2090,,,,,,,,,
2019-10-22,,,-0.7024,,,,,,,,,
2019-10-23,,,-1.2431,,,,,,,,,
2019-10-24,,,-1.6805,,,,,,,,,
2019-10-25,,,-1.1271,,,,,,,,,
2019-10-26,,,-1.7395,,,,,,,,,
2019-10-27,,,-1.2343,,,,,,,,,
2019-10-28,,,-0.8827,,,,,,,,,
2019-10-29,,,-0.9842,,,,,,,,,
2019-10-30,,,-1.5895,,,,,,,,,
2019-10-31,,,-1.5543,,,,,,,,,
2019-11-01,,,-1.5170,,,,,,,,,
2019-11-02,,,-1.2725,,,,,,,,,
2019-11-03,,,-1.5707,,,,,,,,,
2019-11-04,,,-1.0001,,,,,,,,,
2019-11-05,,,-0.5197,,,,,,,,,
2019-11-06,,,-0.7284,,,,,,,,,
2019-11-07,,,-1.0044,,,,,,,,,
2019-11-08,,,-0.8675,,,,,,,,,
2019-11-09,,,-1.2080,,,,,,,,,
2019-11-10,,,-1.6065,,,,,,,,,
2019-11-11,,,-1.3525,,,,,,,,,
2019-11-12,,,-0.9437,,,,,,,,,
2019-11-13,,,-1.4492,,,,,,,,,
2019-11-14,,,-1.4769,,,,,,,,,
2019-11-15,,,-1.2525,,,,,,,,,
2019-11-16,,,-1.1733,,,,,,,,,
2019-11-17,,,-0.8802,,,,,,,,,
2019-11-18,,,-0.8185,,,,,,,,,
2019-11-19,,,-1.1222,,,,,,,,,
2019-11-20,,,-0.9714,,,,,,,,,
2019-11-21,,,-1.0928,,,,,,,,,
2019-11-22,,,-0.8655,,,,,,,,,
2019-11-23,,,-1.0424,,,,,,,,,
2019-11-24,,,-0.7584,,,,,,,,,
2019-11-25,,,-0.5741,,,,,,,,,
2019-11-26,,,-0.2904,,,,,,,,,
2019-11-27,,,-0.6159,,,,,,,,,
2019-11-28,,,-1.4517,,,,,,,,,
2019-11-29,,,-1.0922,,,,,,,,,
2019-11-30,,,-0.8793,,,,,,,,,
2019-12-01,,,-0.3840,,,,,,,,,
2019-12-02,,,-1.0902,,,,,,,,,
2019-12-03,,,-1.0509,,,,,,,,,
2019-12-04,,,-1.3872,,,,,,,,,
2019-12-05,,,-1.1680,,,,,,,,,
2019-12-06,,,-1.2510,,,,,,,,,
2019-12-07,,,-0.8391,,,,,,,,,
2019-12-08,,,-1.4541,,,,,,,,,
2019-12-09,,,-1.4403,,,,,,,,,
2019-12-10,,,-1.4825,,,,,,,,,
2019-12-11,,,-1.0315,,,,,,,,,
2019-12-12,,,-0.7344,,,,,,,,,
2019-12-13,,,-0.6355,,,,,,,,,
2019-12-14,,,-0.7972,,,,,,,,,
2019-12-15,,,-0.7188,,,,,,,,,
2019-12-16,,,-0.4412,,,,,,,,,
2019-12-17,,,-0.9236,,,,,,,,,
2019-12-18,,,-0.8515,,,,,,,,,
2019-12-19,,,-1.6525,,,,,,,,,
2019-12-20,,,-0.9329,,,,,,,,,
2019-12-21,,,-0.9349,,,,,,,,,
2019-12-22,,,-1.0262,,,,,,,,,
2019-12-23,,,-0.9649,,,,,,,,,
2019-12-24,,,-0.8999,,,,,,,,,
2019-12-25,,,-1.6639,,,,,,,,,
2019-12-26,,,-0.7627,,,,,,,,,
2019-12-27,,,-0.7404,,,,,,,,,
2019-12-28,,,-1.0018,,,,,,,,,
2019-12-29,,,-0.9119,,,,,,,,,
2019-12-30,,,-0.6450,,,,,,,,,
2019-12-31,,,-1.3516,,,,,,,,,
2020-01-01,,,-0.9321,,,,,,,,,
2020-01-02,,,-0.4309,,,,,,,,,
2020-01-03,,,-1.6184,,,,,,,,,
2020-01-04,,,-1.3550,,,,,,,,,
2020-01-05,,,-1.0191,,,,,,,,,
2020-01-06,,,-1.5874,,,,,,,,,
2020-01-07,,,-0.8083,,,,,,,,,
2020-01-08,,,-0.8875,,,,,,,,,
2020-01-09,,,-0.7140,,,,,,,,,
2020-01-10,,,-0.9134,,,,,,,,,
2020-01-11,,,-0.7209,,,,,,,,,
2020-01-12,,,-1.4190,,,,,,,,,
2020-01-13,,,-0.9933,,,,,,,,,
2020-01-14,,,-0.8085,,,,,,,,,
2020-01-15,,,-0.6922,,,,,,,,,
2020-01-16,,,-0.2935,,,,,,,,,
2020-01-17,,,-0.4816,,,,,,,,,
2020-01-18,,,-0.4628,,,,,,,,,
2020-01-19,,,-0.2181,,,,,,,,,
2020-01-20,,,-0.7150,,,,,,,,,
2020-01-21,,,-0.8056,,,,,,,,,
2020-01-22,,,-1.2020,,,,,,,,,
2020-01-23,,,-1.0132,,,,,,,,,
2020-01-24,,,-0.9060,,,,,,,,,
2020-01-25,,,-0.9647,,,,,,,,,
2020-01-26,,,-0.9663,,,,,,,,,
2020-01-27,,,-1.1951,,,,,,,,,
2020-01-28,,,-1.2371,,,,,,,,,
2020-01-29,,,-1.4176,,,,,,,,,
2020-01-30,,,-1.8624,,,,,,,,,
2020-01-31,,,-1.4187,,,,,,,,,
2020-02-01,,,-1.6763,,,,,,,,,
2020-02-02,,,-1.1396,,,,,,,,,
2020-02-03,,,-1.4024,,,,,,,,,
2020-02-04,,,-1.1633,,,,,,,,,
2020-02-05,,,-1.2953,,,,,,,,,
2020-02-06,,,-1.2363,,,,,,,,,
2020-02-07,,,-1.5609,,,,,,,,,
2020-02-08,,,-1.6744,,,,,,,,,
2020-02-09,,,-1.6607,,,,,,,,,
2020-02-10,,,-2.1216,,,,,,,,,
2020-02-11,,,-1.5445,,,,,,,,,
2020-02-12,,,-1.2806,,,,,,,,,
2020-02-13,,,-1.3577,,,,,,,,,
2020-02-14,,,-1.6369,,,,,,,,,
2020-02-15,,,-1.4697,,,,,,,,,
2020-02-16,,,-1.3594,,,,,,,,,
2020-02-17,,,-1.4721,,,,,,,,,
2020-02-18,,,-1.9825,,,,,,,,,
2020-02-19,,,-1.2768,,,,,,,,,
2020-02-20,,,-1.4182,,,,,,,,,
2020-02-21,,,-1.5372,,,,,,,,,
2020-02-22,,,-2.3139,,,,,,,,,
2020-02-23,,,-1.5356,,,,,,,,,
2020-02-24,,,-2.0529,,,,,,,,,
2020-02-25,,,-2.1498,,,,,,,,,
2020-02-26,,,-2.1447,,,,,,,,,
2020-02-27,,,-2.1745,,,,,,,,,
2020-02-28,,,-3.3985,,,,,,,,,
2020-02-29,,,-3.9949,,,,,,,,,
2020-03-01,,,-3.5121,,,,,,,,,
2020-03-02,,,-2.7503,,,,,,,,,
2020-03-03,,,-2.8309,,,,,,,,,
2020-03-04,,,-3.0132,,,,,,,,,
2020-03-05,,,-2.6110,,,,,,,,,
2020-03-06,,,-3.0388,,,,,,,,,
2020-03-07,,,-2.7290,,,,,,,,,
2020-03-08,,,-2.7934,,,,,,,,,
2020-03-09,,,-3.8784,,,,,,,,,
2020-03-10,,,-3.1021,,,,,,,,,
2020-03-11,,,-2.8197,,,,,,,,,
2020-03-12,,,-3.5364,,,,,,,,,
2020-03-13,,,-3.2305,,,,,,,,,
2020-03-14,,,-2.7419,,,,,,,,,
2020-03-15,,,-2.3068,,,,,,,,,
2020-03-16,,,-3.0595,,,,,,,,,
2020-03-17,,,-3.0481,,,,,,,,,
2020-03-18,,,-2.5311,,,,,,,,,
2020-03-19,,,-2.6510,,,,,,,,,
2020-03-20,,,-2.1993,,,,,,,,,
2020-03-21,,,-2.4568,,,,,,,,,
2020-03-22,,,-2.3850,,,,,,,,,
2020-03-23,,,-2.3370,,,,,,,,,
2020-03-24,,,-2.2692,,,,,,,,,
2020-03-25,,,-2.0064,,,,,,,,,
2020-03-26,,,-2.1019,,,,,,,,,
2020-03-27,,,-2.2504,,,,,,,,,
2020-03-28,,,-2.2272,,,,,,,,,
2020-03-29,,,-2.2240,,,,,,,,,
2020-03-30,,,-2.2931,,,,,,,,,
2020-03-31,,,-1.3064,,,,,,,,,
2020-04-01,,,-1.9263,,,,,,,,,
2020-04-02,,,-2.0255,,,,,,,,,
2020-04-03,,,-2.4871,,,,,,,,,
2020-04-04,,,-1.8469,,,,,,,,,
2020-04-05,,,-2.2815,,,,,,,,,
2020-04-06,,,-1.9999,,,,,,,,,
2020-04-07,,,-1.7556,,,,,,,,,
2020-04-08,,,-1.8780,,,,,,,,,
2020-04-09,,,-1.9350,,,,,,,,,
2020-04-10,,,-2.2073,,,,,,,,,
2020-04-11,,,-2.0033,,,,,,,,,
2020-04-12,,,-2.0054,,,,,,,,,
2020-04-13,,,-2.0374,,,,,,,,,
2020-04-14,,,-2.1308,,,,,,,,,
2020-04-15,,,-2.3556,,,,,,,,,
2020-04-16,,,-2.2897,,,,,,,,,
2020-04-17,,,-1.5645,,,,,,,,,
2020-04-18,,,-1.6046,,,,,,,,,
2020-04-19,,,-1.7302,,,,,,,,,
2020-04-20,,,-1.9843,,,,,,,,,
2020-04-21,,,-1.8120,,,,,,,,,
2020-04-22,,,-1.5879,,,,,,,,,
2020-04-23,,,-1.8205,,,,,,,,,
2020-04-24,,,-1.8146,,,,,,,,,
2020-04-25,,,-1.9188,,,,,,,,,
2020-04-26,,,-1.4807,,,,,,,,,
2020-04-27,,,-1.4816,,,,,,,,,
2020-04-28,,,-1.4300,,,,,,,,,
2020-04-29,,,-1.3283,,,,,,,,,
2020-04-30,,,-1.8846,,,,,,,,,
2020-05-01,,,-1.2176,,,,,,,,,
2020-05-02,,,-1.2040,,,,,,,,,
2020-05-03,,,-1.5646,,,,,,,,,
2020-05-04,,,-1.9625,,,,,,,,,
2020-05-05,,,-1.7932,,,,,,,,,
2020-05-06,,,-1.8087,,,,,,,,,
2020-05-07,,,-2.0416,,,,,,,,,
2020-05-08,,,-2.5588,,,,,,,,,
2020-05-09,,,-1.7166,,,,,,,,,
2020-05-10,,,-2.0789,,,,,,,,,
2020-05-11,,,-1.9432,,,,,,,,,
2020-05-12,,,-1.9924,,,,,,,,,
2020-05-13,,,-3.0588,,,,,,,,,
2020-05-14,,,-3.3564,,,,,,,,,
2020-05-15,,,-2.9956,,,,,,,,,
2020-05-16,,,-3.0737,,,,,,,,,
2020-05-17,,,-2.0819,,,,,,,,,
2020-05-18,,,-1.8044,,,,,,,,,
2020-05-19,,,-0.8324,,,,,,,,,
2020-05-20,,,-1.3206,,,,,,,,,
2020-05-21,,,-2.0034,,,,,,,,,
2020-05-22,,,-2.6206,,,,,,,,,
2020-05-23,,,-2.4080,,,,,,,,,
2020-05-24,,,-1.9425,,,,,,,,,
2020-05-25,,,-1.7809,,,,,,,,,
2020-05-26,,,-1.3086,,,,,,,,,
2020-05-27,,,-1.2142,,,,,,,,,
2020-05-28,,,-1.6019,,,,,,,,,
2020-05-29,,,-1.8985,,,,,,,,,
2020-05-30,,,-0.5575,,,,,,,,,
2020-05-31,,,-1.6660,,,,,,,,,
2020-06-01,,,-1.7236,,,,,,,,,
2020-06-02,,,-1.7049,,,,,,,,,
2020-06-03,,,-1.2690,,,,,,,,,
2020-06-04,,,-1.2749,,,,,,,,,
2020-06-05,,,-0.9329,,,,,,,,,
2020-06-06,,,-1.8056,,,,,,,,,
2020-06-07,,,-1.6090,,,,,,,,,
2020-06-08,,,-1.5802,,,,,,,,,
2020-06-09,,,-1.3261,,,,,,,,,
2020-06-10,,,-1.3089,,,,,,,,,
2020-06-11,,,-2.1603,,,,,,,,,
2020-06-12,,,-2.2446,,,,,,,,,
2020-06-13,,,-1.9139,,,,,,,,,
2020-06-14,,,-2.0440,,,,,,,,,
2020-06-15,,,-1.9159,,,,,,,,,
2020-06-16,,,-1.2763,,,,,,,,,
2020-06-17,,,-1.5099,,,,,,,,,
2020-06-18,,,-1.5989,,,,,,,,,
2020-06-19,,,-1.4625,,,,,,,,,
2020-06-20,,,-1.8264,,,,,,,,,
2020-06-21,,,-2.1256,,,,,,,,,
2020-06-22,,,-1.2502,,,,,,,,,
2020-06-23,,,-0.8288,,,,,,,,,
2020-06-24,,,-1.6692,,,,,,,,,
2020-06-25,,,-1.4446,,,,,,,,,
2020-06-26,,,-2.2203,,,,,,,,,
2020-06-27,,,-1.8493,,,,,,,,,
2020-06-28,,,-1.3539,,,,,,,,,
2020-06-29,,,-1.5317,,,,,,,,,
2020-06-30,,,-0.9716,,,,,,,,,
2020-07-01,,,-1.1913,,,,,,,,,
2020-07-02,,,-1.3944,,,,,,,,,
2020-07-03,,,-1.7116,,,,,,,,,
2020-07-04,,,-2.0226,,,,,,,,,
2020-07-05,,,-1.7193,,,,,,,,,
2020-07-06,,,-0.5828,,,,,,,,,
2020-07-07,,,-0.4946,,,,,,,,,
2020-07-08,,,-0.7592,,,,,,,,,
2020-07-09,,,-0.9641,,,,,,,,,
2020-07-10,,,-1.3848,,,,,,,,,
2020-07-11,,,-1.3481,,,,,,,,,
2020-07-12,,,-1.0131,,,,,,,,,
2020-07-13,,,-1.4181,,,,,,,,,
2020-07-14,,,-1.1660,,,,,,,,,
2020-07-15,,,-1.1026,,,,,,,,,
2020-07-16,,,-1.3300,,,,,,,,,
2020-07-17,,,-0.5997,,,,,,,,,
2020-07-18,,,-1.5864,,,,,,,,,
2020-07-19,,,-1.6179,,,,,,,,,
2020-07-20,,,-1.1591,,,,,,,,,
2020-07-21,,,-0.9533,,,,,,,,,
2020-07-22,,,-1.0049,,,,,,,,,
2020-07-23,,,-0.8367,,,,,,,,,
2020-07-24,,,-1.2311,,,,,,,,,
2020-07-25,,,-1.5758,,,,,,,,,
2020-07-26,,,-0.9128,,,,,,,,,
2020-07-27,,,-0.6083,,,,,,,,,
2020-07-28,,,-0.8558,,,,,,,,,
2020-07-29,,,-1.4107,,,,,,,,,
2020-07-30,,,-1.7945,,,,,,,,,
2020-07-31,,,-1.7870,,,,,,,,,
2020-08-01,,,-1.3141,,,,,,,,,
2020-08-02,,,-0.8424,,,,,,,,,
2020-08-03,,,-1.3988,,,,,,,,,
2020-08-04,,,-0.8232,,,,,,,,,
2020-08-05,,,-1.1163,,,,,,,,,
2020-08-06,,,-1.1573,,,,,,,,,
2020-08-07,,,-1.5757,,,,,,,,,
2020-08-08,,,-1.8815,,,,,,,,,
2020-08-09,,,-2.3114,,,,,,,,,
2020-08-10,,,-1.0728,,,,,,,,,
2020-08-11,,,-0.7221,,,,,,,,,
2020-08-12,,,-1.6047,,,,,,,,,
2020-08-13,,,-1.4035,,,,,,,,,
2020-08-14,,,-1.5656,,,,,,,,,
2020-08-15,,,-1.8624,,,,,,,,,
2020-08-16,,,-1.5328,,,,,,,,,
2020-08-17,,,-1.4241,,,,,,,,,
2020-08-18,,,-0.9252,,,,,,,,,
2020-08-19,,,-1.0477,,,,,,,,,
2020-08-20,,,-1.7790,,,,,,,,,
2020-08-21,,,-1.1752,,,,,,,,,
2020-08-22,,,-0.8739,,,,,,,,,
2020-08-23,,,-0.5936,,,,,,,,,
2020-08-24,,,-0.8604,,,,,,,,,
2020-08-25,,,-1.1637,,,,,,,,,
2020-08-26,,,-1.0009,,,,,,,,,
2020-08-27,,,-0.9021,,,,,,,,,
2020-08-28,,,-1.0695,,,,,,,,,
2020-08-29,,,-1.2057,,,,,,,,,
2020-08-30,,,-1.4516,,,,,,,,,
2020-08-31,,,-0.7208,,,,,,,,,
2020-09-01,,,-1.0884,,,,,,,,,
2020-09-02,,,-0.6252,,,,,,,,,
2020-09-03,,,-1.9595,,,,,,,,,
2020-09-04,,,-1.8653,,,,,,,,,
2020-09-05,,,-2.7113,,,,,,,,,
2020-09-06,,,-1.2817,,,,,,,,,
2020-09-07,,,-0.7130,,,,,,,,,
2020-09-08,,,-1.0061,,,,,,,,,
2020-09-09,,,-0.9929,,,,,,,,,
2020-09-10,,,-1.0646,,,,,,,,,
2020-09-11,,,-1.5568,,,,,,,,,
2020-09-12,,,-1.3633,,,,,,,,,
2020-09-13,,,-1.1775,,,,,,,,,
2020-09-14,,,-0.7155,,,,,,,,,
2020-09-15,,,-0.6233,,,,,,,,,
2020-09-16,,,-0.5322,,,,,,,,,
2020-09-17,,,-1.3105,,,,,,,,,
2020-09-18,,,-1.3267,,,,,,,,,
2020-09-19,,,-1.3294,,,,,,,,,
2020-09-20,,,-1.2877,,,,,,,,,
2020-09-21,,,-1.8511,,,,,,,,,
2020-09-22,,,-1.4401,,,,,,,,,
2020-09-23,,,-1.1742,,,,,,,,,
2020-09-24,,,-1.7560,,,,,,,,,
2020-09-25,,,-1.1832,,,,,,,,,
2020-09-26,,,-1.4342,,,,,,,,,
2020-09-27,,,-1.3908,,,,,,,,,
2020-09-28,,,-0.7102,,,,,,,,,
2020-09-29,,,-1.0549,,,,,,,,,
2020-09-30,,,-1.1324,,,,,,,,,
2020-10-01,,,-1.3167,,,,,,,,,
2020-10-02,,,-1.0710,,,,,,,,,
2020-10-03,,,-0.2293,,,,,,,,,
2020-10-04,,,-0.7670,,,,,,,,,
2020-10-05,,,-0.6457,,,,,,,,,
2020-10-06,,,-1.3569,,,,,,,,,
2020-10-07,,,-1.3731,,,,,,,,,
2020-10-08,,,-1.4952,,,,,,,,,
2020-10-09,,,-0.6910,,,,,,,,,
2020-10-10,,,-0.4609,,,,,,,,,
2020-10-11,,,-1.1178,,,,,,,,,
2020-10-12,,,-0.8069,,,,,,,,,
2020-10-13,,,-0.8884,,,,,,,,,
2020-10-14,,,-1.1010,,,,,,,,,
2020-10-15,,,-1.1103,,,,,,,,,
2020-10-16,,,-0.3878,,,,,,,,,
2020-10-17,,,-0.2908,,,,,,,,,
2020-10-18,,,-1.0279,,,,,,,,,
2020-10-19,,,-1.0031,,,,,,,,,
2020-10-21,,,-0.6868,,,,,,,,,
2020-10-22,,,-1.1201,,,,,,,,,
2020-10-23,,,-1.5369,,,,,,,,,
2020-10-24,,,-0.1706,,,,,,,,,
2020-10-25,,,-0.6286,,,,,,,,,
2020-10-26,,,-1.2360,,,,,,,,,
2020-10-27,,,-1.2841,,,,,,,,,
2020-10-28,,,-1.3981,,,,,,,,,
2020-10-29,,,-1.3977,,,,,,,,,
2020-10-30,,,-0.9925,,,,,,,,,
2020-10-31,,,1.0140,,,,,,,,,
2020-11-01,,,-0.7994,,,,,,,,,
2020-11-02,,,-0.9344,,,,,,,,,
2020-11-03,,,-0.5771,,,,,,,,,
2020-11-04,,,-0.8907,,,,,,,,,
2020-11-05,,,-1.3211,,,,,,,,,
2020-11-06,,,-2.0313,,,,,,,,,
2020-11-07,,,-1.8792,,,,,,,,,
2020-11-08,,,-0.1939,,,,,,,,,
2020-11-09,,,-0.4334,,,,,,,,,
2020-11-10,,,-0.9149,,,,,,,,,
2020-11-11,,,-0.3963,,,,,,,,,
2020-11-12,,,-1.2092,,,,,,,,,
2020-11-13,,,-0.9410,,,,,,,,,
2020-11-14,,,-0.6408,,,,,,,,,
2020-11-15,,,-0.9088,,,,,,,,,
2020-11-16,,,-0.6933,,,,,,,,,
2020-11-17,,,-0.6409,,,,,,,,,
2020-11-18,,,-1.2407,,,,,,,,,
2020-11-19,,,-1.0678,,,,,,,,,
2020-11-20,,,-1.1856,,,,,,,,,
2020-11-21,,,-1.6236,,,,,,,,,
2020-11-22,,,-1.3588,,,,,,,,,
2020-11-23,,,-0.9784,,,,,,,,,
2020-11-24,,,-0.3409,,,,,,,,,
2020-11-25,,,-0.1097,,,,,,,,,
2020-11-26,,,-0.5364,,,,,,,,,
2020-11-27,,,-0.3318,,,,,,,,,
2020-11-28,,,-0.5325,,,,,,,,,
2020-11-29,,,-0.5931,,,,,,,,,
2020-11-30,,,-0.3578,,,,,,,,,
2020-12-01,,,-0.5510,,,,,,,,,
2020-12-02,,,-0.6925,,,,,,,,,
2020-12-03,,,-0.5895,,,,,,,,,
2020-12-04,,,-1.1209,,,,,,,,,
2020-12-05,,,-1.4022,,,,,,,,,
2020-12-06,,,-0.7795,,,,,,,,,
2020-12-07,,,-0.3117,,,,,,,,,
2020-12-08,,,-0.7023,,,,,,,,,
2020-12-09,,,-0.1727,,,,,,,,,
2020-12-10,,,-0.8856,,,,,,,,,
2020-12-11,,,-0.6178,,,,,,,,,
2020-12-12,,,-0.8971,,,,,,,,,
2020-12-13,,,-1.4442,,,,,,,,,
2020-12-14,,,-0.3590,,,,,,,,,
2020-12-15,,,-0.6938,,,,,,,,,
2020-12-16,,,-0.4223,,,,,,,,,
2020-12-17,,,-0.7915,,,,,,,,,
2020-12-18,,,-0.8926,,,,,,,,,
2020-12-19,,,-1.1602,,,,,,,,,
2020-12-20,,,-1.3612,,,,,,,,,
2020-12-21,,,-0.6813,,,,,,,,,
2020-12-22,,,-0.6822,,,,,,,,,
2020-12-23,,,-1.3004,,,,,,,,,
2020-12-24,,,-0.4853,,,,,,,,,
2020-12-25,,,-1.8083,,,,,,,,,
2020-12-26,,,-1.7428,,,,,,,,,
2020-12-27,,,-1.2490,,,,,,,,,
2020-12-28,,,-0.4250,,,,,,,,,
2020-12-29,,,-0.6858,,,,,,,,,
2020-12-30,,,-0.7567,,,,,,,,,
2020-12-31,,,-0.7627,,,,,,,,,
2021-01-01,,,-0.3934,,,,,,,,,
2021-01-02,,,-0.5181,,,,,,,,,
2021-01-03,,,-0.5692,,,,,,,,,
2021-01-04,,,-0.2875,,,,,,,,,
2021-01-05,,,-0.9356,,,,,,,,,
2021-01-06,,,-0.7096,,,,,,,,,
2021-01-07,,,-0.4866,,,,,,,,,
2021-01-08,,,-0.6565,,,,,,,,,
2021-01-09,,,-0.4228,,,,,,,,,
2021-01-10,,,-0.8018,,,,,,,,,
2021-01-11,,,-0.8363,,,,,,,,,
2021-01-12,,,-0.9805,,,,,,,,,
2021-01-13,,,-1.1716,,,,,,,,,
2021-01-14,,,-0.5894,,,,,,,,,
2021-01-15,,,-1.1649,,,,,,,,,
2021-01-16,,,-1.7878,,,,,,,,,
2021-01-17,,,-1.2979,,,,,,,,,
2021-01-18,,,-0.9052,,,,,,,,,
2021-01-19,,,-0.7309,,,,,,,,,
2021-01-20,,,-0.2871,,,,,,,,,
2021-01-21,,,-0.6025,,,,,,,,,
2021-01-22,,,-0.5852,,,,,,,,,
2021-01-23,,,-0.6815,,,,,,,,,
2021-01-24,,,-0.6917,,,,,,,,,
2021-01-25,,,-0.8083,,,,,,,,,
2021-01-26,,,-0.1669,,,,,,,,,
2021-01-27,,,-0.8879,,,,,,,,,
2021-01-28,,,-2.0008,,,,,,,,,
2021-01-29,,,-1.3618,,,,,,,,,
2021-01-30,,,-1.5235,,,,,,,,,
2021-01-31,,,-1.6403,,,,,,,,,
2021-02-01,,,-0.7275,,,,,,,,,
2021-02-02,,,-0.7454,,,,,,,,,
2021-02-03,,,-0.5896,,,,,,,,,
2021-02-04,,,-0.6463,,,,,,,,,
2021-02-05,,,-0.3436,,,,,,,,,
2021-02-06,,,-0.0763,,,,,,,,,
2021-02-07,,,-1.0227,,,,,,,,,
2021-02-08,,,-0.4067,,,,,,,,,
2021-02-09,,,-0.1321,,,,,,,,,
2021-02-10,,,-0.5439,,,,,,,,,
2021-02-11,,,-1.0016,,,,,,,,,
2021-02-12,,,-0.7882,,,,,,,,,
2021-02-13,,,-1.0329,,,,,,,,,
2021-02-14,,,-0.3789,,,,,,,,,
2021-02-15,,,-0.3858,,,,,,,,,
2021-02-16,,,-0.1950,,,,,,,,,
2021-02-17,,,-0.3768,,,,,,,,,
2021-02-18,,,-0.5524,,,,,,,,,
2021-02-19,,,-1.0365,,,,,,,,,
2021-02-20,,,0.1897,,,,,,,,,
2021-02-21,,,-0.3895,,,,,,,,,
2021-02-22,,,-0.8085,,,,,,,,,
2021-02-23,,,-0.6434,,,,,,,,,
2021-02-24,,,-1.0333,,,,,,,,,
2021-02-25,,,-0.2920,,,,,,,,,
2021-02-26,,,-0.8574,,,,,,,,,
2021-02-27,,,-0.8449,,,,,,,,,
2021-02-28,,,-1.0282,,,,,,,,,
2021-03-01,,,-0.5122,,,,,,,,,
2021-03-02,,,-0.8881,,,,,,,,,
2021-03-03,,,-0.6859,,,,,,,,,
2021-03-04,,,-0.9589,,,,,,,,,
2021-03-05,,,-0.9610,,,,,,,,,
2021-03-06,,,-0.8007,,,,,,,,,
2021-03-07,,,-0.8680,,,,,,,,,
2021-03-08,,,-1.0412,,,,,,,,,
2021-03-09,,,-0.3972,,,,,,,,,
2021-03-10,,,-0.6018,,,,,,,,,
2021-03-11,,,-0.5802,,,,,,,,,
2021-03-12,,,-0.8901,,,,,,,,,
2021-03-13,,,-2.2428,,,,,,,,,
2021-03-14,,,-1.3528,,,,,,,,,
2021-03-15,,,-0.6164,,,,,,,,,
2021-03-16,,,-0.5796,,,,,,,,,
2021-03-17,,,-0.9543,,,,,,,,,
2021-03-18,,,-0.5172,,,,,,,,,
2021-03-19,,,-1.0376,,,,,,,,,
2021-03-20,,,-1.4145,,,,,,,,,
2021-03-21,,,-1.4514,,,,,,,,,
2021-03-22,,,-1.0263,,,,,,,,,
2021-03-23,,,-0.6713,,,,,,,,,
2021-03-24,,,-1.4399,,,,,,,,,
2021-03-25,,,-1.4689,,,,,,,,,
2021-03-26,,,-0.8649,,,,,,,,,
2021-03-27,,,-0.9609,,,,,,,,,
2021-03-28,,,-0.1596,,,,,,,,,
2021-03-29,,,-1.6280,,,,,,,,,
2021-03-30,,,-0.9467,,,,,,,,,
2021-03-31,,,-0.7356,,,,,,,,,
2021-04-01,,,-0.8524,,,,,,,,,
2021-04-02,,,-0.3257,,,,,,,,,
2021-04-03,,,-0.6072,,,,,,,,,
2021-04-04,,,-0.8982,,,,,,,,,
2021-04-05,,,-0.5150,,,,,,,,,
2021-04-06,,,-0.0814,,,,,,,,,
2021-04-07,,,-0.2733,,,,,,,,,
2021-04-08,,,-0.5359,,,,,,,,,
2021-04-09,,,-0.3778,,,,,,,,,
2021-04-10,,,-0.6734,,,,,,,,,
2021-04-11,,,-1.0423,,,,,,,,,
2021-04-12,,,-1.1405,,,,,,,,,
2021-04-13,,,-0.6448,,,,,,,,,
2021-04-14,,,-0.3505,,,,,,,,,
2021-04-15,,,-0.3559,,,,,,,,,
2021-04-16,,,-0.0937,,,,,,,,,
2021-04-17,,,-0.2662,,,,,,,,,
2021-04-18,,,-0.4301,,,,,,,,,
2021-04-19,,,-0.0990,,,,,,,,,
2021-04-20,,,-0.6150,,,,,,,,,
2021-04-21,,,-0.4345,,,,,,,,,
2021-04-22,,,-1.0488,,,,,,,,,
2021-04-23,,,-1.1020,,,,,,,,,
2021-04-24,,,-1.2014,,,,,,,,,
2021-04-25,,,-1.0003,,,,,,,,,
2021-04-26,,,-0.2411,,,,,,,,,
2021-04-27,,,0.0783,,,,,,,,,
2021-04-28,,,-0.4137,,,,,,,,,
2021-04-29,,,-0.2197,,,,,,,,,
2021-04-30,,,-0.1746,,,,,,,,,
2021-05-01,,,-0.5916,,,,,,,,,
2021-05-02,,,-0.5318,,,,,,,,,
2021-05-03,,,-0.2246,,,,,,,,,
2021-05-04,,,-0.4759,,,,,,,,,
2021-05-05,,,-0.6063,,,,,,,,,
2021-05-06,,,-0.7234,,,,,,,,,
2021-05-07,,,-0.3655,,,,,,,,,
2021-05-08,,,-0.7381,,,,,,,,,
2021-05-09,,,-0.8591,,,,,,,,,
2021-05-10,,,-0.8739,,,,,,,,,
2021-05-11,,,-0.9667,,,,,,,,,
2021-05-12,,,-1.6841,,,,,,,,,
2021-05-13,,,-1.7275,,,,,,,,,
2021-05-14,,,-0.9909,,,,,,,,,
2021-05-15,,,-1.1449,,,,,,,,,
2021-05-16,,,-1.5045,,,,,,,,,
2021-05-17,,,-0.9023,,,,,,,,,
2021-05-18,,,-0.8344,,,,,,,,,
2021-05-19,,,-1.2903,,,,,,,,,
2021-05-20,,,-1.2314,,,,,,,,,
2021-05-21,,,-0.9413,,,,,,,,,
2021-05-22,,,-0.5355,,,,,,,,,
2021-05-23,,,-0.7464,,,,,,,,,
2021-05-24,,,-0.7555,,,,,,,,,
2021-05-25,,,-0.4274,,,,,,,,,
2021-05-26,,,-0.3033,,,,,,,,,
2021-05-27,,,-0.9166,,,,,,,,,
2021-05-28,,,-0.7343,,,,,,,,,
2021-05-29,,,-1.1984,,,,,,,,,
2021-05-30,,,-1.2513,,,,,,,,,
2021-05-31,,,-1.1890,,,,,,,,,
2021-06-01,,,-0.4812,,,,,,,,,
2021-06-02,,,-0.9861,,,,,,,,,
2021-06-03,,,-0.4623,,,,,,,,,
2021-06-04,,,-0.7041,,,,,,,,,
2021-06-05,,,-0.4745,,,,,,,,,
2021-06-06,,,-0.8134,,,,,,,,,
2021-06-07,,,-0.3973,,,,,,,,,
2021-06-08,,,-0.8182,,,,,,,,,
2021-06-09,,,-0.4526,,,,,,,,,
2021-06-10,,,-1.0031,,,,,,,,,
2021-06-11,,,-0.5297,,,,,,,,,
2021-06-12,,,-0.4580,,,,,,,,,
2021-06-13,,,-0.5180,,,,,,,,,
2021-06-14,,,-0.3501,,,,,,,,,
2021-06-15,,,-0.3315,,,,,,,,,
2021-06-16,,,-0.6215,,,,,,,,,
2021-06-17,,,-0.6604,,,,,,,,,
2021-06-18,,,-0.8896,,,,,,,,,
2021-06-19,,,-0.9201,,,,,,,,,
2021-06-20,,,-1.2638,,,,,,,,,
2021-06-21,,,-1.0003,,,,,,,,,
2021-06-22,,,-0.3903,,,,,,,,,
2021-06-23,,,-0.5967,,,,,,,,,
2021-06-24,,,-0.5320,,,,,,,,,
2021-06-25,,,-0.1506,,,,,,,,,
2021-06-26,,,-0.0920,,,,,,,,,
2021-06-27,,,-0.2889,,,,,,,,,
2021-06-28,,,-0.7805,,,,,,,,,
2021-06-29,,,-0.6604,,,,,,,,,
2021-06-30,,,-0.9159,,,,,,,,,
2021-07-01,,,-0.5614,,,,,,,,,
2021-07-02,,,-0.6738,,,,,,,,,
2021-07-03,,,-0.6843,,,,,,,,,
2021-07-04,,,-0.4251,,,,,,,,,
2021-07-05,,,-0.3990,,,,,,,,,
2021-07-06,,,-0.3493,,,,,,,,,
2021-07-07,,,-0.7781,,,,,,,,,
2021-07-08,,,-0.8681,,,,,,,,,
2021-07-09,,,-0.5237,,,,,,,,,
2021-07-10,,,-0.2406,,,,,,,,,
2021-07-11,,,-0.4262,,,,,,,,,
2021-07-12,,,-0.5333,,,,,,,,,
2021-07-13,,,-0.7976,,,,,,,,,
2021-07-14,,,-0.7096,,,,,,,,,
2021-07-15,,,-0.7247,,,,,,,,,
2021-07-16,,,-0.8105,,,,,,,,,
2021-07-17,,,-0.4334,,,,,,,,,
2021-07-18,,,-0.9123,,,,,,,,,
2021-07-19,,,-0.9045,,,,,,,,,
2021-07-20,,,-0.6400,,,,,,,,,
2021-07-21,,,-0.9340,,,,,,,,,
2021-07-22,,,-0.7055,,,,,,,,,
2021-07-23,,,-0.6343,,,,,,,,,
2021-07-24,,,-0.6542,,,,,,,,,
2021-07-25,,,-0.9081,,,,,,,,,
2021-07-26,,,-0.4965,,,,,,,,,
2021-07-27,,,-0.1563,,,,,,,,,
2021-07-28,,,-0.6563,,,,,,,,,
2021-07-29,,,-0.2762,,,,,,,,,
2021-07-30,,,-0.4916,,,,,,,,,
2021-07-31,,,-0.6622,,,,,,,,,
2021-08-01,,,-0.9312,,,,,,,,,
2021-08-02,,,-1.0511,,,,,,,,,
2021-08-03,,,-0.5828,,,,,,,,,
2021-08-04,,,-0.6497,,,,,,,,,
2021-08-05,,,-0.6631,,,,,,,,,
2021-08-06,,,-0.4868,,,,,,,,,
2021-08-07,,,-0.5090,,,,,,,,,
2021-08-08,,,-0.5542,,,,,,,,,
2021-08-09,,,-1.0726,,,,,,,,,
2021-08-10,,,-0.5994,,,,,,,,,
2021-08-11,,,-0.4567,,,,,,,,,
2021-08-12,,,-0.7526,,,,,,,,,
2021-08-13,,,-0.1838,,,,,,,,,
2021-08-14,,,1.2275,,,,,,,,,
2021-08-15,,,-0.8777,,,,,,,,,
2021-08-16,,,-0.7866,,,,,,,,,
2021-08-17,,,-1.6889,,,,,,,,,
2021-08-18,,,-1.5664,,,,,,,,,
2021-08-19,,,-1.3821,,,,,,,,,
2021-08-20,,,-1.3561,,,,,,,,,
2021-08-21,,,-1.0174,,,,,,,,,
2021-08-22,,,-0.8938,,,,,,,,,
2021-08-23,,,-1.1748,,,,,,,,,
2021-08-24,,,-0.7334,,,,,,,,,
2021-08-25,,,-0.4070,,,,,,,,,
2021-08-26,,,-1.1430,,,,,,,,,
2021-08-27,,,-1.1070,,,,,,,,,
2021-08-28,,,-2.0570,,,,,,,,,
2021-08-29,,,-1.8181,,,,,,,,,
2021-08-30,,,-0.7574,,,,,,,,,
2021-08-31,,,-1.2472,,,,,,,,,
2021-09-01,,,-1.0196,,,,,,,,,
2021-09-02,,,-0.4919,,,,,,,,,
2021-09-03,,,-1.0666,,,,,,,,,
2021-09-04,,,-1.2283,,,,,,,,,
2021-09-05,,,-1.3982,,,,,,,,,
2021-09-06,,,-0.8727,,,,,,,,,
2021-09-07,,,-1.2633,,,,,,,,,
2021-09-08,,,-1.1797,,,,,,,,,
2021-09-09,,,-2.0210,,,,,,,,,
2021-09-10,,,-1.2300,,,,,,,,,
2021-09-11,,,-0.7471,,,,,,,,,
2021-09-12,,,-1.3839,,,,,,,,,
2021-09-13,,,-1.1036,,,,,,,,,
2021-09-14,,,-0.7686,,,,,,,,,
2021-09-15,,,-1.2689,,,,,,,,,
2021-09-16,,,-1.3620,,,,,,,,,
2021-09-17,,,-1.7190,,,,,,,,,
2021-09-18,,,-1.2213,,,,,,,,,
2021-09-19,,,-1.5067,,,,,,,,,
2021-09-20,,,-2.6826,,,,,,,,,
2021-09-21,,,-2.0402,,,,,,,,,
2021-09-22,,,-1.2617,,,,,,,,,
2021-09-23,,,-1.1433,,,,,,,,,
2021-09-24,,,-1.4875,,,,,,,,,
2021-09-25,,,-1.0113,,,,,,,,,
2021-09-26,,,-1.5256,,,,,,,,,
2021-09-27,,,-0.9769,,,,,,,,,
2021-09-28,,,-1.5606,,,,,,,,,
2021-09-29,,,-1.4012,,,,,,,,,
2021-09-30,,,-1.3063,,,,,,,,,
2021-10-01,,,-1.6215,,,,,,,,,
2021-10-02,,,-1.1455,,,,,,,,,
2021-10-03,,,-1.0533,,,,,,,,,
2021-10-04,,,-2.2634,,,,,,,,,
2021-10-05,,,-1.7104,,,,,,,,,
2021-10-06,,,-1.5752,,,,,,,,,
2021-10-07,,,-1.4107,,,,,,,,,
2021-10-08,,,-1.2903,,,,,,,,,
2021-10-09,,,-1.3136,,,,,,,,,
2021-10-10,,,-0.9017,,,,,,,,,
2021-10-11,,,-1.0294,,,,,,,,,
2021-10-12,,,-1.4749,,,,,,,,,
2021-10-13,,,-0.8736,,,,,,,,,
2021-10-14,,,-0.6661,,,,,,,,,
2021-10-15,,,-0.2776,,,,,,,,,
2021-10-16,,,-0.2134,,,,,,,,,
2021-10-17,,,-0.6745,,,,,,,,,
2021-10-18,,,-1.2695,,,,,,,,,
2021-10-19,,,-1.1136,,,,,,,,,
2021-10-20,,,-0.7694,,,,,,,,,
2021-10-21,,,-1.5425,,,,,,,,,
2021-10-22,,,-1.1903,,,,,,,,,
2021-10-23,,,-0.9212,,,,,,,,,
2021-10-24,,,-1.1847,,,,,,,,,
2021-10-25,,,-0.7494,,,,,,,,,
2021-10-26,,,-0.6165,,,,,,,,,
2021-10-27,,,-0.6385,,,,,,,,,
2021-10-28,,,-1.0682,,,,,,,,,
2021-10-29,,,-1.0723,,,,,,,,,
2021-10-30,,,-0.3800,,,,,,,,,
2021-10-31,,,-1.2714,,,,,,,,,
2021-11-01,,,-0.5150,,,,,,,,,
2021-11-02,,,-0.4873,,,,,,,,,
2021-11-03,,,-0.7889,,,,,,,,,
2021-11-04,,,-1.1645,,,,,,,,,
2021-11-05,,,-1.0915,,,,,,,,,
2021-11-06,,,-0.6895,,,,,,,,,
2021-11-07,,,-0.4980,,,,,,,,,
2021-11-08,,,-0.7921,,,,,,,,,
2021-11-09,,,-1.4607,,,,,,,,,
2021-11-10,,,-1.5313,,,,,,,,,
2021-11-11,,,-1.5331,,,,,,,,,
2021-11-12,,,-0.9072,,,,,,,,,
2021-11-13,,,-0.7514,,,,,,,,,
2021-11-14,,,-0.9733,,,,,,,,,
2021-11-15,,,-1.1072,,,,,,,,,
2021-11-16,,,-0.8452,,,,,,,,,
2021-11-17,,,-0.8430,,,,,,,,,
2021-11-18,,,-1.0514,,,,,,,,,
2021-11-19,,,-1.2561,,,,,,,,,
2021-11-20,,,-0.7830,,,,,,,,,
2021-11-21,,,-0.9523,,,,,,,,,
2021-11-22,,,-1.0375,,,,,,,,,
2021-11-23,,,-1.2926,,,,,,,,,
2021-11-24,,,-1.3080,,,,,,,,,
2021-11-25,,,-0.9177,,,,,,,,,
2021-11-26,,,-1.9751,,,,,,,,,
2021-11-27,,,-1.3922,,,,,,,,,
2021-11-28,,,-0.8472,,,,,,,,,
2021-11-29,,,-1.6120,,,,,,,,,
2021-11-30,,,-1.8285,,,,,,,,,
2021-12-01,,,-1.5995,,,,,,,,,
2021-12-02,,,-1.1635,,,,,,,,,
2021-12-03,,,-1.7384,,,,,,,,,
2021-12-04,,,-1.6542,,,,,,,,,
2021-12-05,,,-1.4433,,,,,,,,,
2021-12-06,,,-1.5239,,,,,,,,,
2021-12-07,,,-0.6873,,,,,,,,,
2021-12-08,,,-1.3098,,,,,,,,,
2021-12-09,,,-0.6668,,,,,,,,,
2021-12-10,,,-1.2611,,,,,,,,,
2021-12-11,,,-1.2235,,,,,,,,,
2021-12-12,,,-1.3333,,,,,,,,,
2021-12-13,,,-0.7687,,,,,,,,,
2021-12-14,,,-1.3121,,,,,,,,,
2021-12-15,,,-1.1190,,,,,,,,,
2021-12-16,,,-1.3572,,,,,,,,,
2021-12-17,,,-1.7177,,,,,,,,,
2021-12-18,,,-1.4292,,,,,,,,,
2021-12-19,,,-1.2116,,,,,,,,,
2021-12-20,,,-1.8413,,,,,,,,,
2021-12-21,,,-1.2667,,,,,,,,,
2021-12-22,,,-1.2435,,,,,,,,,
2021-12-23,,,-0.9952,,,,,,,,,
2021-12-24,,,-0.7059,,,,,,,,,
2021-12-25,,,-0.9767,,,,,,,,,
2021-12-26,,,-1.0323,,,,,,,,,
2021-12-27,,,-0.9543,,,,,,,,,
2021-12-28,,,-0.5167,,,,,,,,,
2021-12-29,,,-1.0012,,,,,,,,,
2021-12-30,,,-1.2805,,,,,,,,,
2021-12-31,,,-1.0351,,,,,,,,,
2022-01-01,,,-0.6719,,,,,,,,,
2022-01-02,,,-1.1141,,,,,,,,,
2022-01-03,,,-0.9470,,,,,,,,,
2022-01-04,,,-0.7798,,,,,,,,,
2022-01-05,,,-0.8550,,,,,,,,,
2022-01-06,,,-1.1866,,,,,,,,,
2022-01-07,,,-1.2749,,,,,,,,,
2022-01-08,,,-0.7054,,,,,,,,,
2022-01-09,,,-0.7886,,,,,,,,,
2022-01-10,,,-1.1360,,,,,,,,,
2022-01-11,,,-1.0637,,,,,,,,,
2022-01-12,,,-1.0977,,,,,,,,,
2022-01-13,,,-0.8177,,,,,,,,,
2022-01-14,,,-0.9496,,,,,,,,,
2022-01-15,,,-0.9928,,,,,,,,,
2022-01-16,,,-1.5979,,,,,,,,,
2022-01-17,,,-1.3826,,,,,,,,,
2022-01-18,,,-1.0553,,,,,,,,,
2022-01-19,,,-0.7958,,,,,,,,,
2022-01-20,,,-1.1913,,,,,,,,,
2022-01-21,,,-1.4939,,,,,,,,,
2022-01-22,,,-1.9233,,,,,,,,,
2022-01-23,,,-1.5283,,,,,,,,,
2022-01-24,,,-1.8275,,,,,,,,,
2022-01-25,,,-1.9411,,,,,,,,,
2022-01-26,,,-1.4021,,,,,,,,,
2022-01-27,,,-1.2000,,,,,,,,,
2022-01-28,,,-1.1729,,,,,,,,,
2022-01-29,,,-1.3786,,,,,,,,,
2022-01-30,,,-1.3305,,,,,,,,,
2022-01-31,,,-0.9154,,,,,,,,,
2022-02-01,,,-1.1460,,,,,,,,,
2022-02-02,,,-1.5643,,,,,,,,,
2022-02-03,,,-1.2589,,,,,,,,,
2022-02-04,,,-1.0335,,,,,,,,,
2022-02-05,,,-0.7901,,,,,,,,,
2022-02-06,,,-0.9959,,,,,,,,,
2022-02-07,,,-0.9059,,,,,,,,,
2022-02-08,,,-1.0878,,,,,,,,,
2022-02-09,,,-0.5868,,,,,,,,,
2022-02-10,,,-0.7533,,,,,,,,,
2022-02-11,,,-1.2728,,,,,,,,,
2022-02-12,,,-1.6780,,,,,,,,,
2022-02-13,,,-1.9278,,,,,,,,,
2022-02-14,,,-1.4598,,,,,,,,,
2022-02-15,,,-1.4267,,,,,,,,,
2022-02-16,,,-1.4085,,,,,,,,,
2022-02-17,,,-1.4001,,,,,,,,,
2022-02-18,,,-1.5295,,,,,,,,,
2022-02-19,,,-0.8187,,,,,,,,,
2022-02-20,,,-0.8775,,,,,,,,,
2022-02-21,,,-0.9065,,,,,,,,,
2022-02-22,,,-2.0408,,,,,,,,,
2022-02-23,,,-1.8794,,,,,,,,,
2022-02-24,,,-2.5972,,,,,,,,,
2022-02-25,,,-1.8033,,,,,,,,,
2022-02-26,,,-1.2863,,,,,,,,,
2022-02-27,,,-1.5817,,,,,,,,,
2022-02-28,,,-2.5658,,,,,,,,,
2022-03-01,,,-2.1944,,,,,,,,,
2022-03-02,,,-1.9250,,,,,,,,,
2022-03-03,,,-2.1047,,,,,,,,,
2022-03-04,,,-2.3255,,,,,,,,,
2022-03-05,,,-2.3310,,,,,,,,,
2022-03-06,,,-2.3036,,,,,,,,,
2022-03-07,,,-1.8055,,,,,,,,,
2022-03-08,,,-1.9876,,,,,,,,,
2022-03-09,,,-1.9041,,,,,,,,,
2022-03-10,,,-1.6744,,,,,,,,,
2022-03-11,,,-1.6062,,,,,,,,,
2022-03-12,,,-1.1358,,,,,,,,,
2022-03-13,,,-1.6631,,,,,,,,,
2022-03-14,,,-2.3747,,,,,,,,,
2022-03-15,,,-2.4192,,,,,,,,,
2022-03-16,,,-1.7085,,,,,,,,,
2022-03-17,,,-1.3937,,,,,,,,,
2022-03-18,,,-1.4033,,,,,,,,,
2022-03-19,,,-1.2028,,,,,,,,,
2022-03-20,,,-1.4478,,,,,,,,,
2022-03-21,,,-1.5809,,,,,,,,,
2022-03-22,,,-1.6584,,,,,,,,,
2022-03-23,,,-1.2639,,,,,,,,,
2022-03-24,,,-1.7828,,,,,,,,,
2022-03-25,,,-1.6504,,,,,,,,,
2022-03-26,,,-1.7576,,,,,,,,,
2022-03-27,,,-1.4788,,,,,,,,,
2022-03-28,,,-1.8422,,,,,,,,,
2022-03-29,,,-1.4981,,,,,,,,,
2022-03-30,,,-1.4159,,,,,,,,,
2022-03-31,,,-1.5308,,,,,,,,,
2022-04-01,,,-1.6758,,,,,,,,,
2022-04-02,,,-0.9328,,,,,,,,,
2022-04-03,,,-0.9999,,,,,,,,,
2022-04-04,,,-1.2399,,,,,,,,,
2022-04-05,,,-1.9866,,,,,,,,,
2022-04-06,,,-1.9088,,,,,,,,,
2022-04-07,,,-1.7739,,,,,,,,,
2022-04-08,,,-1.7038,,,,,,,,,
2022-04-09,,,-2.0124,,,,,,,,,
2022-04-10,,,-1.6925,,,,,,,,,
2022-04-11,,,-2.0769,,,,,,,,,
2022-04-12,,,-1.7979,,,,,,,,,
2022-04-13,,,-1.5522,,,,,,,,,
2022-04-14,,,-1.3568,,,,,,,,,
2022-04-15,,,-1.2389,,,,,,,,,
2022-04-16,,,-1.4545,,,,,,,,,
2022-04-17,,,-1.6770,,,,,,,,,
2022-04-18,,,-1.4198,,,,,,,,,
2022-04-19,,,-1.7239,,,,,,,,,
2022-04-20,,,-1.9713,,,,,,,,,
2022-04-21,,,-1.1362,,,,,,,,,
2022-04-22,,,-1.4220,,,,,,,,,
2022-04-23,,,-1.7728,,,,,,,,,
2022-04-24,,,-1.3141,,,,,,,,,
2022-04-25,,,-2.1615,,,,,,,,,
2022-04-26,,,-1.4368,,,,,,,,,
2022-04-27,,,-1.3333,,,,,,,,,
2022-04-28,,,-1.6801,,,,,,,,,
2022-04-29,,,-1.5287,,,,,,,,,
2022-04-30,,,-1.8878,,,,,,,,,
2022-05-01,,,-1.6920,,,,,,,,,
2022-05-02,,,-1.3969,,,,,,,,,
2022-05-03,,,-1.1893,,,,,,,,,
2022-05-04,,,-1.2647,,,,,,,,,
2022-05-05,,,-1.5763,,,,,,,,,
2022-05-06,,,-2.0932,,,,,,,,,
2022-05-07,,,-1.1224,,,,,,,,,
2022-05-08,,,-1.2032,,,,,,,,,
2022-05-09,,,-2.1074,,,,,,,,,
2022-05-10,,,-1.9138,,,,,,,,,
2022-05-11,,,-1.5656,,,,,,,,,
2022-05-12,,,-1.7662,,,,,,,,,
2022-05-13,,,-1.8282,,,,,,,,,
2022-05-14,,,-1.4125,,,,,,,,,
2022-05-15,,,-1.7337,,,,,,,,,
2022-05-16,,,-1.5868,,,,,,,,,
2022-05-17,,,-1.1424,,,,,,,,,
2022-05-18,,,-1.6487,,,,,,,,,
2022-05-19,,,-2.1683,,,,,,,,,
2022-05-20,,,-2.0370,,,,,,,,,
2022-05-21,,,-1.5585,,,,,,,,,
2022-05-22,,,-1.4152,,,,,,,,,
2022-05-23,,,-1.4160,,,,,,,,,
2022-05-24,,,-1.8478,,,,,,,,,
2022-05-25,,,-1.5817,,,,,,,,,
2022-05-26,,,-1.6412,,,,,,,,,
2022-05-27,,,-1.1139,,,,,,,,,
2022-05-28,,,-1.0508,,,,,,,,,
2022-05-29,,,-1.1174,,,,,,,,,
2022-05-30,,,-1.2565,,,,,,,,,
2022-05-31,,,-1.2517,,,,,,,,,
2022-06-01,,,-1.4391,,,,,,,,,
2022-06-02,,,-1.3634,,,,,,,,,
2022-06-03,,,-1.4506,,,,,,,,,
2022-06-04,,,-1.4050,,,,,,,,,
2022-06-05,,,-1.4326,,,,,,,,,
2022-06-06,,,-1.3907,,,,,,,,,
2022-06-07,,,-1.5586,,,,,,,,,
2022-06-08,,,-1.7035,,,,,,,,,
2022-06-09,,,-1.5784,,,,,,,,,
2022-06-10,,,-2.1205,,,,,,,,,
2022-06-11,,,-2.1151,,,,,,,,,
2022-06-12,,,-1.8575,,,,,,,,,
2022-06-13,,,-2.5292,,,,,,,,,
2022-06-14,,,-2.2569,,,,,,,,,
2022-06-15,,,-2.0253,,,,,,,,,
2022-06-16,,,-1.9114,,,,,,,,,
2022-06-17,,,-2.0043,,,,,,,,,
2022-06-18,,,-2.3274,,,,,,,,,
2022-06-19,,,-1.8340,,,,,,,,,
2022-06-20,,,-1.6906,,,,,,,,,
2022-06-21,,,-1.2873,,,,,,,,,
2022-06-22,,,-1.9704,,,,,,,,,
2022-06-23,,,-2.0400,,,,,,,,,
2022-06-24,,,-1.9964,,,,,,,,,
2022-06-25,,,-2.1888,,,,,,,,,
2022-06-26,,,-2.0528,,,,,,,,,
2022-06-27,,,-1.2340,,,,,,,,,
2022-06-28,,,-1.4146,,,,,,,,,
2022-06-29,,,-1.8824,,,,,,,,,
2022-06-30,,,-1.9238,,,,,,,,,
2022-07-01,,,-1.8674,,,,,,,,,
2022-07-02,,,-1.6848,,,,,,,,,
2022-07-03,,,-1.7790,,,,,,,,,
2022-07-04,,,-1.7415,,,,,,,,,
2022-07-05,,,-1.9373,,,,,,,,,
2022-07-06,,,-2.0301,,,,,,,,,
2022-07-07,,,-1.8291,,,,,,,,,
2022-07-08,,,-2.2407,,,,,,,,,
2022-07-09,,,-2.0934,,,,,,,,,
2022-07-10,,,-2.0489,,,,,,,,,
2022-07-11,,,-1.9283,,,,,,,,,
2022-07-12,,,-1.6202,,,,,,,,,
2022-07-13,,,-1.5848,,,,,,,,,
2022-07-14,,,-1.7059,,,,,,,,,
2022-07-15,,,-1.6389,,,,,,,,,
2022-07-16,,,-1.0024,,,,,,,,,
2022-07-17,,,-1.7411,,,,,,,,,
2022-07-18,,,-1.3884,,,,,,,,,
2022-07-19,,,-1.0995,,,,,,,,,
2022-07-20,,,-1.1293,,,,,,,,,
2022-07-21,,,-1.4680,,,,,,,,,
2022-07-22,,,-1.6264,,,,,,,,,
2022-07-23,,,-2.2015,,,,,,,,,
2022-07-24,,,-2.3733,,,,,,,,,
2022-07-25,,,-1.5938,,,,,,,,,
2022-07-26,,,-1.5896,,,,,,,,,
2022-07-27,,,-1.8267,,,,,,,,,
2022-07-28,,,-2.0716,,,,,,,,,
2022-07-29,,,-1.4160,,,,,,,,,
2022-07-30,,,-0.6098,,,,,,,,,
2022-07-31,,,-1.3617,,,,,,,,,
2022-08-01,,,-1.3203,,,,,,,,,
2022-08-02,,,-1.3829,,,,,,,,,
2022-08-03,,,-1.5226,,,,,,,,,
2022-08-04,,,-2.1907,,,,,,,,,
2022-08-05,,,-1.8567,,,,,,,,,
2022-08-06,,,-0.8765,,,,,,,,,
2022-08-07,,,-1.3061,,,,,,,,,
2022-08-08,,,-1.2585,,,,,,,,,
2022-08-09,,,-1.3413,,,,,,,,,
2022-08-10,,,-1.0412,,,,,,,,,
2022-08-11,,,-1.1824,,,,,,,,,
2022-08-12,,,-1.1842,,,,,,,,,
2022-08-13,,,-0.8640,,,,,,,,,
2022-08-14,,,-1.4692,,,,,,,,,
2022-08-15,,,-1.2346,,,,,,,,,
2022-08-16,,,-1.0736,,,,,,,,,
2022-08-17,,,-1.1815,,,,,,,,,
2022-08-18,,,-1.6385,,,,,,,,,
2022-08-19,,,-1.4940,,,,,,,,,
2022-08-20,,,-1.5884,,,,,,,,,
2022-08-21,,,-1.7748,,,,,,,,,
2022-08-22,,,-1.6650,,,,,,,,,
2022-08-23,,,-1.7892,,,,,,,,,
2022-08-24,,,-1.3728,,,,,,,,,
2022-08-25,,,-1.2325,,,,,,,,,
2022-08-26,,,-1.7553,,,,,,,,,
2022-08-27,,,-1.9325,,,,,,,,,
2022-08-28,,,-1.8114,,,,,,,,,
2022-08-29,,,-1.7522,,,,,,,,,
2022-08-30,,,-1.4925,,,,,,,,,
2022-08-31,,,-1.7128,,,,,,,,,
2022-09-01,,,-1.6774,,,,,,,,,
2022-09-02,,,-1.3554,,,,,,,,,
2022-09-03,,,-1.8963,,,,,,,,,
2022-09-04,,,-1.2855,,,,,,,,,
2022-09-05,,,-1.8415,,,,,,,,,
2022-09-06,,,-1.0685,,,,,,,,,
2022-09-07,,,-1.2799,,,,,,,,,
2022-09-08,,,-1.5350,,,,,,,,,
2022-09-09,,,-0.8317,,,,,,,,,
2022-09-10,,,-0.7249,,,,,,,,,
2022-09-11,,,-1.3040,,,,,,,,,
2022-09-12,,,-1.0832,,,,,,,,,
2022-09-13,,,-1.3267,,,,,,,,,
2022-09-14,,,-2.2529,,,,,,,,,
2022-09-15,,,-1.4408,,,,,,,,,
2022-09-16,,,-1.7561,,,,,,,,,
2022-09-17,,,-1.3834,,,,,,,,,
2022-09-18,,,-1.9626,,,,,,,,,
2022-09-19,,,-2.3297,,,,,,,,,
2022-09-20,,,-1.3149,,,,,,,,,
2022-09-21,,,-1.8570,,,,,,,,,
2022-09-22,,,-1.8117,,,,,,,,,
2022-09-23,,,-2.5517,,,,,,,,,
2022-09-24,,,-2.8697,,,,,,,,,
2022-09-25,,,-2.1802,,,,,,,,,
2022-09-26,,,-2.5093,,,,,,,,,
2022-09-27,,,-2.0577,,,,,,,,,
2022-09-28,,,-2.3857,,,,,,,,,
2022-09-29,,,-2.1654,,,,,,,,,
2022-09-30,,,-2.0205,,,,,,,,,
2022-10-01,,,-2.1399,,,,,,,,,
2022-10-02,,,-2.0367,,,,,,,,,
2022-10-03,,,-2.3730,,,,,,,,,
2022-10-04,,,-1.6162,,,,,,,,,
2022-10-05,,,-2.1029,,,,,,,,,
2022-10-06,,,-1.8818,,,,,,,,,
2022-10-07,,,-1.8575,,,,,,,,,
2022-10-08,,,-1.5232,,,,,,,,,
2022-10-09,,,-2.4956,,,,,,,,,
2022-10-10,,,-1.4425,,,,,,,,,
2022-10-11,,,-2.4592,,,,,,,,,
2022-10-12,,,-2.0922,,,,,,,,,
2022-10-13,,,-1.5145,,,,,,,,,
2022-10-14,,,-1.6011,,,,,,,,,
2022-10-15,,,-1.6458,,,,,,,,,
2022-10-16,,,-2.1264,,,,,,,,,
2022-10-17,,,-1.4944,,,,,,,,,
2022-10-18,,,-1.1047,,,,,,,,,
2022-10-19,,,-1.4518,,,,,,,,,
2022-10-20,,,-1.5463,,,,,,,,,
2022-10-21,,,-1.6283,,,,,,,,,
2022-10-22,,,-1.5637,,,,,,,,,
2022-10-23,,,-1.2703,,,,,,,,,
2022-10-24,,,-1.4829,,,,,,,,,
2022-10-25,,,-1.0301,,,,,,,,,
2022-10-26,,,-1.2603,,,,,,,,,
2022-10-27,,,-1.6151,,,,,,,,,
2022-10-28,,,-1.4681,,,,,,,,,
2022-10-29,,,-1.2119,,,,,,,,,
2022-10-30,,,-1.3746,,,,,,,,,
2022-10-31,,,-1.0220,,,,,,,,,
2022-11-01,,,-0.9738,,,,,,,,,
2022-11-02,,,-1.3452,,,,,,,,,
2022-11-03,,,-1.5276,,,,,,,,,
2022-11-04,,,-1.4815,,,,,,,,,
2022-11-05,,,-1.2469,,,,,,,,,
2022-11-06,,,-0.9568,,,,,,,,,
2022-11-07,,,-1.0363,,,,,,,,,
2022-11-08,,,-1.0725,,,,,,,,,
2022-11-09,,,-1.2213,,,,,,,,,
2022-11-10,,,-1.4473,,,,,,,,,
2022-11-11,,,-1.3095,,,,,,,,,
2022-11-12,,,-1.7658,,,,,,,,,
2022-11-13,,,-1.6622,,,,,,,,,
2022-11-14,,,-1.3398,,,,,,,,,
2022-11-15,,,-0.9387,,,,,,,,,
2022-11-16,,,-1.3912,,,,,,,,,
2022-11-17,,,-1.4766,,,,,,,,,
2022-11-18,,,-1.0647,,,,,,,,,
2022-11-19,,,-0.6620,,,,,,,,,
2022-11-20,,,-0.9528,,,,,,,,,
2022-11-21,,,-1.3100,,,,,,,,,
2022-11-22,,,-1.4438,,,,,,,,,
2022-11-23,,,-0.9316,,,,,,,,,
2022-11-24,,,-0.9306,,,,,,,,,
2022-11-25,,,-1.0635,,,,,,,,,
2022-11-26,,,-0.6419,,,,,,,,,
2022-11-27,,,-0.7379,,,,,,,,,
2022-11-28,,,-1.1563,,,,,,,,,
2022-11-29,,,-1.6294,,,,,,,,,
2022-11-30,,,-1.0777,,,,,,,,,
2022-12-01,,,-0.6686,,,,,,,,,
2022-12-02,,,-1.2590,,,,,,,,,
2022-12-03,,,-0.9635,,,,,,,,,
2022-12-04,,,-1.1995,,,,,,,,,
2022-12-05,,,-1.3120,,,,,,,,,
2022-12-06,,,-1.1647,,,,,,,,,
2022-12-07,,,-1.7313,,,,,,,,,
2022-12-08,,,-1.2848,,,,,,,,,
2022-12-09,,,-1.0838,,,,,,,,,
2022-12-10,,,-0.4144,,,,,,,,,
2022-12-11,,,-1.4050,,,,,,,,,
2022-12-12,,,-1.2807,,,,,,,,,
2022-12-13,,,-0.9493,,,,,,,,,
2022-12-14,,,-1.0360,,,,,,,,,
2022-12-15,,,-1.4236,,,,,,,,,
2022-12-16,,,-1.6508,,,,,,,,,
2022-12-17,,,-1.2745,,,,,,,,,
2022-12-18,,,-1.0579,,,,,,,,,
2022-12-19,,,-1.3807,,,,,,,,,
2022-12-20,,,-1.9734,,,,,,,,,
2022-12-21,,,-1.2125,,,,,,,,,
2022-12-22,,,-1.0795,,,,,,,,,
2022-12-23,,,-1.4652,,,,,,,,,
2022-12-24,,,-1.2404,,,,,,,,,
2022-12-25,,,-1.1442,,,,,,,,,
2022-12-26,,,-1.0700,,,,,,,,,
2022-12-27,,,-1.1253,,,,,,,,,
2022-12-28,,,-1.6895,,,,,,,,,
2022-12-29,,,-1.5857,,,,,,,,,
2022-12-30,,,-1.6417,,,,,,,,,
2022-12-31,,,-1.6398,,,,,,,,,
2023-01-01,,,-1.8889,,,,,,,,,
2023-01-02,,,-1.6249,,,,,,,,,
2023-01-03,,,-1.3749,,,,,,,,,
2023-01-04,,,-1.5783,,,,,,,,,
2023-01-05,,,-1.4901,,,,,,,,,
2023-01-06,,,-1.2258,,,,,,,,,
2023-01-07,,,-1.0711,,,,,,,,,
2023-01-08,,,-1.2849,,,,,,,,,
2023-01-09,,,-0.7285,,,,,,,,,
2023-01-10,,,-1.5379,,,,,,,,,
2023-01-11,,,-1.5669,,,,,,,,,
2023-01-12,,,-0.9134,,,,,,,,,
2023-01-13,,,-1.0627,,,,,,,,,
2023-01-14,,,-1.1972,,,,,,,,,
2023-01-15,,,-2.1258,,,,,,,,,
2023-01-16,,,-1.0649,,,,,,,,,
2023-01-17,,,-0.8855,,,,,,,,,
2023-01-18,,,-1.4320,,,,,,,,,
2023-01-19,,,-1.8456,,,,,,,,,
2023-01-20,,,-1.3454,,,,,,,,,
2023-01-21,,,-1.2717,,,,,,,,,
2023-01-22,,,-1.0588,,,,,,,,,
2023-01-23,,,-0.8200,,,,,,,,,
2023-01-24,,,-1.0232,,,,,,,,,
2023-01-25,,,-1.4135,,,,,,,,,
2023-01-26,,,-1.3172,,,,,,,,,
2023-01-27,,,-1.4346,,,,,,,,,
2023-01-28,,,-1.3964,,,,,,,,,
2023-01-29,,,-1.8995,,,,,,,,,
2023-01-30,,,-1.0026,,,,,,,,,
2023-01-31,,,-0.9849,,,,,,,,,
2023-02-01,,,-0.8463,,,,,,,,,
2023-02-02,,,-1.0896,,,,,,,,,
2023-02-03,,,-1.1652,,,,,,,,,
2023-02-04,,,-1.5602,,,,,,,,,
2023-02-05,,,-1.9070,,,,,,,,,
2023-02-06,,,-0.9882,,,,,,,,,
2023-02-07,,,-0.7886,,,,,,,,,
2023-02-08,,,-0.9522,,,,,,,,,
2023-02-09,,,-0.7844,,,,,,,,,
2023-02-10,,,-1.2392,,,,,,,,,
2023-02-11,,,-0.9130,,,,,,,,,
2023-02-12,,,-0.7785,,,,,,,,,
2023-02-13,,,-0.8876,,,,,,,,,
2023-02-14,,,-0.9019,,,,,,,,,
2023-02-15,,,-1.0099,,,,,,,,,
2023-02-16,,,-0.7191,,,,,,,,,
2023-02-17,,,-1.2138,,,,,,,,,
2023-02-18,,,-1.0384,,,,,,,,,
2023-02-19,,,-1.5442,,,,,,,,,
2023-02-20,,,-0.8296,,,,,,,,,
2023-02-21,,,-0.9479,,,,,,,,,
2023-02-22,,,-1.1486,,,,,,,,,
2023-02-23,,,-0.9756,,,,,,,,,
2023-02-24,,,-1.0050,,,,,,,,,
2023-02-25,,,-1.5734,,,,,,,,,
2023-02-26,,,-1.1645,,,,,,,,,
2023-02-27,,,-1.0446,,,,,,,,,
2023-02-28,,,-0.8038,,,,,,,,,
2023-03-01,,,-0.6585,,,,,,,,,
2023-03-02,,,-1.1010,,,,,,,,,
2023-03-03,,,-0.7253,,,,,,,,,
2023-03-04,,,-0.5149,,,,,,,,,
2023-03-05,,,-1.7185,,,,,,,,,
2023-03-06,,,-0.7347,,,,,,,,,
2023-03-07,,,-1.3332,,,,,,,,,
2023-03-08,,,-1.3805,,,,,,,,,
2023-03-09,,,-1.4819,,,,,,,,,
2023-03-10,,,-1.8191,,,,,,,,,
2023-03-11,,,-1.9015,,,,,,,,,
2023-03-12,,,-1.7825,,,,,,,,,
2023-03-13,,,-1.7966,,,,,,,,,
2023-03-14,,,-2.0896,,,,,,,,,
2023-03-15,,,-2.0768,,,,,,,,,
2023-03-16,,,-1.6670,,,,,,,,,
2023-03-17,,,-1.8550,,,,,,,,,
2023-03-18,,,-2.1668,,,,,,,,,
2023-03-19,,,-1.6051,,,,,,,,,
2023-03-20,,,-1.4982,,,,,,,,,
2023-03-21,,,-1.3063,,,,,,,,,
2023-03-22,,,-1.0703,,,,,,,,,
2023-03-24,,,-1.5810,,,,,,,,,
2023-03-25,,,-1.4884,,,,,,,,,
2023-03-26,,,-1.4481,,,,,,,,,
2023-03-27,,,-1.4904,,,,,,,,,
2023-03-28,,,-1.7337,,,,,,,,,
2023-03-29,,,-1.4450,,,,,,,,,
2023-03-30,,,-1.4089,,,,,,,,,
2023-03-31,,,-1.1234,,,,,,,,,
2023-04-01,,,-0.9360,,,,,,,,,
2023-04-02,,,-0.7064,,,,,,,,,
2023-04-03,,,-1.5689,,,,,,,,,
2023-04-04,,,-1.2819,,,,,,,,,
2023-04-05,,,-1.3560,,,,,,,,,
2023-04-06,,,-1.5753,,,,,,,,,
2023-04-07,,,-1.4425,,,,,,,,,
2023-04-08,,,-1.2169,,,,,,,,,
2023-04-09,,,-1.0307,,,,,,,,,
2023-04-10,,,-0.8914,,,,,,,,,
2023-04-11,,,-1.1040,,,,,,,,,
2023-04-12,,,-1.2960,,,,,,,,,
2023-04-13,,,-1.1467,,,,,,,,,
2023-04-14,,,-1.0979,,,,,,,,,
2023-04-15,,,-1.0886,,,,,,,,,
2023-04-16,,,-1.1287,,,,,,,,,
2023-04-17,,,-0.9007,,,,,,,,,
2023-04-18,,,-0.7623,,,,,,,,,
2023-04-19,,,-0.6816,,,,,,,,,
2023-04-20,,,-1.3815,,,,,,,,,
2023-04-21,,,-1.4697,,,,,,,,,
2023-04-22,,,-0.8074,,,,,,,,,
2023-04-23,,,-0.9171,,,,,,,,,
2023-04-24,,,-0.7908,,,,,,,,,
2023-04-25,,,-0.9059,,,,,,,,,
2023-04-26,,,-1.0106,,,,,,,,,
2023-04-27,,,-1.3063,,,,,,,,,
2023-04-28,,,-1.6131,,,,,,,,,
2023-04-29,,,-1.5936,,,,,,,,,
2023-04-30,,,-0.9341,,,,,,,,,
2023-05-01,,,-1.3136,,,,,,,,,
2023-05-02,,,-1.3474,,,,,,,,,
2023-05-03,,,-1.8483,,,,,,,,,
2023-05-04,,,-1.4239,,,,,,,,,
2023-05-05,,,-1.4162,,,,,,,,,
2023-05-06,,,-1.2791,,,,,,,,,
2023-05-07,,,-0.7780,,,,,,,,,
2023-05-08,,,-0.9847,,,,,,,,,
2023-05-09,,,-1.3910,,,,,,,,,
2023-05-10,,,-1.3389,,,,,,,,,
2023-05-11,,,-1.5011,,,,,,,,,
2023-05-12,,,-2.3053,,,,,,,,,
2023-05-13,,,-1.2641,,,,,,,,,
2023-05-14,,,-1.2746,,,,,,,,,
2023-05-15,,,-1.2750,,,,,,,,,
2023-05-16,,,-1.7355,,,,,,,,,
2023-05-17,,,-1.3076,,,,,,,,,
2023-05-18,,,-1.3036,,,,,,,,,
2023-05-19,,,-0.9273,,,,,,,,,
2023-05-20,,,-1.5241,,,,,,,,,
2023-05-21,,,-1.0456,,,,,,,,,
2023-05-22,,,-1.5203,,,,,,,,,
2023-05-23,,,-1.1417,,,,,,,,,
2023-05-24,,,-1.2439,,,,,,,,,
2023-05-25,,,-1.5051,,,,,,,,,
2023-05-26,,,-1.2757,,,,,,,,,
2023-05-27,,,-0.7059,,,,,,,,,
2023-05-28,,,-1.2194,,,,,,,,,
2023-05-29,,,-0.8714,,,,,,,,,
2023-05-30,,,-1.2028,,,,,,,,,
2023-05-31,,,-1.2061,,,,,,,,,
2023-06-01,,,-0.9525,,,,,,,,,
2023-06-02,,,-0.9931,,,,,,,,,
2023-06-03,,,-0.9313,,,,,,,,,
2023-06-04,,,-1.3538,,,,,,,,,
2023-06-05,,,-1.1810,,,,,,,,,
2023-06-06,,,-1.1383,,,,,,,,,
2023-06-07,,,-1.1537,,,,,,,,,
2023-06-08,,,-1.1805,,,,,,,,,
2023-06-09,,,-1.4638,,,,,,,,,
2023-06-10,,,-1.2656,,,,,,,,,
2023-06-11,,,-1.0401,,,,,,,,,
2023-06-12,,,-0.9385,,,,,,,,,
2023-06-13,,,-1.1317,,,,,,,,,
2023-06-14,,,-0.8355,,,,,,,,,
2023-06-15,,,-1.0075,,,,,,,,,
2023-06-16,,,-0.7691,,,,,,,,,
2023-06-17,,,-0.9703,,,,,,,,,
2023-06-18,,,-0.7658,,,,,,,,,
2023-06-19,,,-0.7542,,,,,,,,,
2023-06-20,,,-0.9476,,,,,,,,,
2023-06-21,,,-1.2767,,,,,,,,,
2023-06-22,,,-1.5765,,,,,,,,,
2023-06-23,,,-1.6202,,,,,,,,,
2023-06-24,,,-0.7683,,,,,,,,,
2023-06-25,,,-1.6696,,,,,,,,,
2023-06-26,,,-1.7082,,,,,,,,,
2023-06-27,,,-0.8542,,,,,,,,,
2023-06-28,,,-1.0786,,,,,,,,,
2023-06-29,,,-0.9799,,,,,,,,,
2023-06-30,,,-0.8677,,,,,,,,,
2023-07-01,,,-0.3840,,,,,,,,,
2023-07-02,,,-1.5243,,,,,,,,,
2023-07-03,,,-0.6110,,,,,,,,,
2023-07-04,,,-1.0542,,,,,,,,,
2023-07-05,,,-0.8808,,,,,,,,,
2023-07-06,,,-0.8310,,,,,,,,,
2023-07-07,,,-0.8151,,,,,,,,,
2023-07-08,,,-0.5712,,,,,,,,,
2023-07-09,,,-0.6512,,,,,,,,,
2023-07-10,,,-0.8751,,,,,,,,,
2023-07-11,,,-0.6091,,,,,,,,,
2023-07-12,,,-0.8541,,,,,,,,,
2023-07-13,,,-0.9443,,,,,,,,,
2023-07-14,,,-0.4692,,,,,,,,,
2023-07-15,,,-0.6979,,,,,,,,,
2023-07-16,,,-0.4687,,,,,,,,,
2023-07-17,,,-0.9515,,,,,,,,,
2023-07-18,,,-0.5905,,,,,,,,,
2023-07-19,,,-0.7593,,,,,,,,,
2023-07-20,,,-0.6857,,,,,,,,,
2023-07-21,,,-0.6317,,,,,,,,,
2023-07-22,,,-0.2867,,,,,,,,,
2023-07-23,,,-0.4195,,,,,,,,,
2023-07-24,,,-0.3780,,,,,,,,,
2023-07-25,,,-0.3192,,,,,,,,,
2023-07-26,,,-0.8241,,,,,,,,,
2023-07-27,,,-0.8612,,,,,,,,,
2023-07-28,,,-0.7042,,,,,,,,,
2023-07-29,,,-0.5351,,,,,,,,,
2023-07-30,,,-0.5805,,,,,,,,,
2023-07-31,,,-0.3063,,,,,,,,,
2023-08-01,,,-1.2953,,,,,,,,,
2023-08-02,,,-1.4005,,,,,,,,,
2023-08-03,,,-1.1285,,,,,,,,,
2023-08-04,,,-0.9204,,,,,,,,,
2023-08-05,,,0.0572,,,,,,,,,
2023-08-06,,,-0.8970,,,,,,,,,
2023-08-07,,,-0.7990,,,,,,,,,
2023-08-08,,,-1.2916,,,,,,,,,
2023-08-09,,,-1.1886,,,,,,,,,
2023-08-10,,,-0.9032,,,,,,,,,
2023-08-11,,,-0.7074,,,,,,,,,
2023-08-12,,,-0.7182,,,,,,,,,
2023-08-13,,,-0.9114,,,,,,,,,
2023-08-14,,,-0.8634,,,,,,,,,
2023-08-15,,,-1.0132,,,,,,,,,
2023-08-16,,,-1.1796,,,,,,,,,
2023-08-17,,,-1.2284,,,,,,,,,
2023-08-18,,,-1.1181,,,,,,,,,
2023-08-19,,,-0.9178,,,,,,,,,
2023-08-20,,,-0.8925,,,,,,,,,
2023-08-21,,,-1.1730,,,,,,,,,
2023-08-22,,,-0.8900,,,,,,,,,
2023-08-23,,,-1.2014,,,,,,,,,
2023-08-24,,,-0.8590,,,,,,,,,
2023-08-25,,,-1.1576,,,,,,,,,
2023-08-26,,,-1.1514,,,,,,,,,
2023-08-27,,,-1.1626,,,,,,,,,
2023-08-28,,,-0.6182,,,,,,,,,
2023-08-29,,,-0.7146,,,,,,,,,
2023-08-30,,,-0.8683,,,,,,,,,
2023-08-31,,,-0.7630,,,,,,,,,
2023-09-01,,,-0.9094,,,,,,,,,
2023-09-02,,,-1.1712,,,,,,,,,
2023-09-03,,,-1.0083,,,,,,,,,
2023-09-04,,,-0.2665,,,,,,,,,
2023-09-05,,,-0.9474,,,,,,,,,
2023-09-06,,,-1.1055,,,,,,,,,
2023-09-07,,,-1.1720,,,,,,,,,
2023-09-08,,,-1.0307,,,,,,,,,
2023-09-09,,,-0.5025,,,,,,,,,
2023-09-10,,,-0.5864,,,,,,,,,
2023-09-11,,,-1.0310,,,,,,,,,
2023-09-12,,,-0.4985,,,,,,,,,
2023-09-13,,,-0.9381,,,,,,,,,
2023-09-14,,,-0.8653,,,,,,,,,
2023-09-15,,,-0.8033,,,,,,,,,
2023-09-16,,,-0.8989,,,,,,,,,
2023-09-17,,,-0.7355,,,,,,,,,
2023-09-18,,,-0.9479,,,,,,,,,
2023-09-19,,,-1.0697,,,,,,,,,
2023-09-20,,,-1.0361,,,,,,,,,
2023-09-21,,,-1.3516,,,,,,,,,
2023-09-22,,,-1.3174,,,,,,,,,
2023-09-23,,,-1.1589,,,,,,,,,
2023-09-24,,,-0.9399,,,,,,,,,
2023-09-25,,,-1.5736,,,,,,,,,
2023-09-26,,,-1.0895,,,,,,,,,
2023-09-27,,,-0.9884,,,,,,,,,
2023-09-28,,,-1.3022,,,,,,,,,
2023-09-29,,,-0.9788,,,,,,,,,
2023-09-30,,,-1.0786,,,,,,,,,
2023-10-01,,,-1.0689,,,,,,,,,
2023-10-02,,,-1.0095,,,,,,,,,
2023-10-03,,,-1.0383,,,,,,,,,
2023-10-04,,,-1.1719,,,,,,,,,
2023-10-05,,,-1.0781,,,,,,,,,
2023-10-06,,,-1.0009,,,,,,,,,
2023-10-07,,,-1.1866,,,,,,,,,
2023-10-08,,,-1.0339,,,,,,,,,
2023-10-09,,,-0.7381,,,,,,,,,
2023-10-10,,,-1.2748,,,,,,,,,
2023-10-11,,,-0.8535,,,,,,,,,
2023-10-12,,,-0.9738,,,,,,,,,
2023-10-13,,,-1.0426,,,,,,,,,
2023-10-14,,,-1.4043,,,,,,,,,
2023-10-15,,,-1.0300,,,,,,,,,
2023-10-16,,,-1.0324,,,,,,,,,
2023-10-17,,,-0.8043,,,,,,,,,
2023-10-18,,,-1.1493,,,,,,,,,
2023-10-19,,,-1.0703,,,,,,,,,
2023-10-20,,,-1.2091,,,,,,,,,
2023-10-21,,,-1.0713,,,,,,,,,
2023-10-22,,,-1.1299,,,,,,,,,
2023-10-23,,,-0.7733,,,,,,,,,
2023-10-24,,,-0.9869,,,,,,,,,
2023-10-25,,,-0.9325,,,,,,,,,
2023-10-26,,,-0.9008,,,,,,,,,
2023-10-27,,,-0.6802,,,,,,,,,
2023-10-28,,,-0.6113,,,,,,,,,
2023-10-29,,,-0.2272,,,,,,,,,
2023-10-30,,,-0.7150,,,,,,,,,
2023-10-31,,,-0.6131,,,,,,,,,
2023-11-01,,,-0.8646,,,,,,,,,
2023-11-02,,,-0.4349,,,,,,,,,
2023-11-03,,,-0.5436,,,,,,,,,
2023-11-04,,,-0.1109,,,,,,,,,
2023-11-05,,,-0.4721,,,,,,,,,
2023-11-06,,,-0.5587,,,,,,,,,
2023-11-07,,,-0.9691,,,,,,,,,
2023-11-08,,,-0.8528,,,,,,,,,
2023-11-09,,,-0.9617,,,,,,,,,
2023-11-10,,,-0.7647,,,,,,,,,
2023-11-11,,,-1.7574,,,,,,,,,
2023-11-12,,,-1.3227,,,,,,,,,
2023-11-13,,,-1.0389,,,,,,,,,
2023-11-14,,,-0.8694,,,,,,,,,
2023-11-15,,,-0.8831,,,,,,,,,
2023-11-16,,,-0.6103,,,,,,,,,
2023-11-17,,,-0.4413,,,,,,,,,
2023-11-18,,,-0.7512,,,,,,,,,
2023-11-19,,,-0.8858,,,,,,,,,
2023-11-20,,,-0.7198,,,,,,,,,
2023-11-21,,,-0.5797,,,,,,,,,
2023-11-22,,,-0.6888,,,,,,,,,
2023-11-23,,,-0.5067,,,,,,,,,
2023-11-24,,,-0.7246,,,,,,,,,
2023-11-25,,,-0.1745,,,,,,,,,
2023-11-26,,,-0.2842,,,,,,,,,
2023-11-27,,,-0.3494,,,,,,,,,
2023-11-28,,,-0.5279,,,,,,,,,
2023-11-29,,,-0.6763,,,,,,,,,
2023-11-30,,,-0.9790,,,,,,,,,
2023-12-01,,,-0.7690,,,,,,,,,
2023-12-02,,,-0.5030,,,,,,,,,
2023-12-03,,,-1.0449,,,,,,,,,
2023-12-04,,,-0.7875,,,,,,,,,
2023-12-05,,,-0.8708,,,,,,,,,
2023-12-06,,,-0.4112,,,,,,,,,
2023-12-07,,,-1.0869,,,,,,,,,
2023-12-08,,,-0.6958,,,,,,,,,
2023-12-09,,,-1.0916,,,,,,,,,
2023-12-10,,,-0.5923,,,,,,,,,
2023-12-11,,,-0.9908,,,,,,,,,
2023-12-12,,,-0.8355,,,,,,,,,
2023-12-13,,,-1.1306,,,,,,,,,
2023-12-14,,,-0.9675,,,,,,,,,
2023-12-15,,,-0.6862,,,,,,,,,
2023-12-16,,,-1.0041,,,,,,,,,
2023-12-17,,,-0.7801,,,,,,,,,
2023-12-18,,,-0.6947,,,,,,,,,
2023-12-19,,,-1.0024,,,,,,,,,
2023-12-20,,,-0.8446,,,,,,,,,
2023-12-21,,,-1.1446,,,,,,,,,
2023-12-22,,,-1.0091,,,,,,,,,
2023-12-23,,,-0.6379,,,,,,,,,
2023-12-24,,,-0.4987,,,,,,,,,
2023-12-25,,,-0.2671,,,,,,,,,
2023-12-26,,,-0.1777,,,,,,,,,
2023-12-27,,,-0.8266,,,,,,,,,
2023-12-28,,,-0.7330,,,,,,,,,
2023-12-29,,,-0.8810,,,,,,,,,
2023-12-30,,,-0.9591,,,,,,,,,
2023-12-31,,,-0.8540,,,,,,,,,
2024-01-01,,,-1.0806,,,,,,,,,
2024-01-02,,,-1.0642,,,,,,,,,
2024-01-03,,,-1.1958,,,,,,,,,
2024-01-04,,,-0.8160,,,,,,,,,
2024-01-05,,,-0.9848,,,,,,,,,
2024-01-06,,,-0.9690,,,,,,,,,
2024-01-07,,,-0.3474,,,,,,,,,
2024-01-08,,,-0.6629,,,,,,,,,
2024-01-09,,,-0.8747,,,,,,,,,
2024-01-10,,,-1.0454,,,,,,,,,
2024-01-11,,,-1.2671,,,,,,,,,
2024-01-12,,,-1.7075,,,,,,,,,
2024-01-13,,,-0.4116,,,,,,,,,
2024-01-14,,,-0.3787,,,,,,,,,
2024-01-15,,,-1.0412,,,,,,,,,
2024-01-16,,,-0.9958,,,,,,,,,
2024-01-17,,,-1.0446,,,,,,,,,
2024-01-18,,,-0.7525,,,,,,,,,
2024-01-19,,,-1.1097,,,,,,,,,
2024-01-20,,,-0.9129,,,,,,,,,
2024-01-21,,,-1.2499,,,,,,,,,
2024-01-22,,,-0.9979,,,,,,,,,
2024-01-23,,,-0.5871,,,,,,,,,
2024-01-24,,,-0.5572,,,,,,,,,
2024-01-25,,,-0.6248,,,,,,,,,
2024-01-26,,,-0.5703,,,,,,,,,
2024-01-27,,,-0.1087,,,,,,,,,
2024-01-28,,,-0.4660,,,,,,,,,
2024-01-29,,,-1.1253,,,,,,,,,
2024-01-30,,,-0.6817,,,,,,,,,
2024-01-31,,,-0.7411,,,,,,,,,
2024-02-01,,,-1.0966,,,,,,,,,
2024-02-02,,,-1.0996,,,,,,,,,
2024-02-03,,,-2.0206,,,,,,,,,
2024-02-04,,,-0.8856,,,,,,,,,
2024-02-05,,,-1.5477,,,,,,,,,
2024-02-06,,,-1.0993,,,,,,,,,
2024-02-07,,,-0.7949,,,,,,,,,
2024-02-08,,,-0.8370,,,,,,,,,
2024-02-09,,,-0.5044,,,,,,,,,
2024-02-10,,,-0.3576,,,,,,,,,
2024-02-11,,,-0.2970,,,,,,,,,
2024-02-12,,,-0.9824,,,,,,,,,
2024-02-13,,,-1.0322,,,,,,,,,
2024-02-14,,,-0.8878,,,,,,,,,
2024-02-15,,,-1.5263,,,,,,,,,
2024-02-16,,,-1.0345,,,,,,,,,
2024-02-17,,,-1.5347,,,,,,,,,
2024-02-18,,,-0.9013,,,,,,,,,
2024-02-19,,,-0.9545,,,,,,,,,
2024-02-20,,,-0.3839,,,,,,,,,
2024-02-21,,,-0.8790,,,,,,,,,
2024-02-22,,,-0.8551,,,,,,,,,
2024-02-23,,,-0.6260,,,,,,,,,
2024-02-24,,,-0.0357,,,,,,,,,
2024-02-25,,,-0.5836,,,,,,,,,
2024-02-26,,,-0.8356,,,,,,,,,
2024-02-27,,,-0.7170,,,,,,,,,
2024-02-28,,,-0.8121,,,,,,,,,
2024-02-29,,,-0.6637,,,,,,,,,
2024-03-01,,,-0.5633,,,,,,,,,
2024-03-02,,,-0.6291,,,,,,,,,
2024-03-03,,,-0.6104,,,,,,,,,
2024-03-04,,,-0.7383,,,,,,,,,
2024-03-05,,,-0.9029,,,,,,,,,
2024-03-06,,,-1.1658,,,,,,,,,
2024-03-07,,,-0.7621,,,,,,,,,
2024-03-08,,,-0.4733,,,,,,,,,
2024-03-09,,,-0.5504,,,,,,,,,
2024-03-10,,,-0.8256,,,,,,,,,
2024-03-11,,,-0.7645,,,,,,,,,
2024-03-12,,,-0.9135,,,,,,,,,
2024-03-13,,,-0.6389,,,,,,,,,
2024-03-14,,,-0.6586,,,,,,,,,
2024-03-15,,,-1.0528,,,,,,,,,
2024-03-16,,,-0.5889,,,,,,,,,
2024-03-17,,,-1.3207,,,,,,,,,
2024-03-18,,,-0.9826,,,,,,,,,
2024-03-19,,,-1.0339,,,,,,,,,
2024-03-20,,,-0.9421,,,,,,,,,
2024-03-21,,,-0.8090,,,,,,,,,
2024-03-22,,,-0.6221,,,,,,,,,
2024-03-23,,,-0.3454,,,,,,,,,
2024-03-24,,,-0.4885,,,,,,,,,
2024-03-25,,,-0.6618,,,,,,,,,
2024-03-26,,,-0.7200,,,,,,,,,
2024-03-27,,,-0.8619,,,,,,,,,
2024-03-28,,,-0.6721,,,,,,,,,
2024-03-29,,,-0.6807,,,,,,,,,
2024-03-30,,,-0.9822,,,,,,,,,
2024-03-31,,,-0.4566,,,,,,,,,
2024-04-01,,,-0.5853,,,,,,,,,
2024-04-02,,,-0.6826,,,,,,,,,
2024-04-03,,,-1.1219,,,,,,,,,
2024-04-04,,,-0.6843,,,,,,,,,
2024-04-05,,,-1.1822,,,,,,,,,
2024-04-06,,,-0.6760,,,,,,,,,
2024-04-07,,,-0.0963,,,,,,,,,
2024-04-08,,,-0.7815,,,,,,,,,
2024-04-09,,,-0.4852,,,,,,,,,
2024-04-10,,,-1.1142,,,,,,,,,
2024-04-11,,,-1.0465,,,,,,,,,
2024-04-12,,,-1.5145,,,,,,,,,
2024-04-13,,,-1.9047,,,,,,,,,
2024-04-14,,,-1.1206,,,,,,,,,
2024-04-15,,,-1.6817,,,,,,,,,
2024-04-16,,,-1.3790,,,,,,,,,
2024-04-17,,,-1.3097,,,,,,,,,
2024-04-18,,,-1.2568,,,,,,,,,
2024-04-19,,,-1.6716,,,,,,,,,
2024-04-20,,,-1.5542,,,,,,,,,
2024-04-21,,,-1.0535,,,,,,,,,
2024-04-22,,,-0.7218,,,,,,,,,
2024-04-23,,,-0.7215,,,,,,,,,
2024-04-24,,,-0.6284,,,,,,,,,
2024-04-25,,,-0.8216,,,,,,,,,
2024-04-26,,,-0.8173,,,,,,,,,
2024-04-27,,,-0.6739,,,,,,,,,
2024-04-28,,,-0.5506,,,,,,,,,
2024-04-29,,,-0.7491,,,,,,,,,
2024-04-30,,,-0.5633,,,,,,,,,
2024-05-01,,,-0.8446,,,,,,,,,
2024-05-02,,,-0.8469,,,,,,,,,
2024-05-03,,,-0.7663,,,,,,,,,
2024-05-04,,,-1.0733,,,,,,,,,
2024-05-05,,,-0.7524,,,,,,,,,
2024-05-06,,,-0.6316,,,,,,,,,
2024-05-07,,,-0.5149,,,,,,,,,
2024-05-08,,,-0.9527,,,,,,,,,
2024-05-09,,,-0.8445,,,,,,,,,
2024-05-10,,,-1.0214,,,,,,,,,
2024-05-11,,,-1.1020,,,,,,,,,
2024-05-12,,,-0.1939,,,,,,,,,
2024-05-13,,,-0.4476,,,,,,,,,
2024-05-14,,,-0.7583,,,,,,,,,
2024-05-15,,,-0.8092,,,,,,,,,
2024-05-16,,,-0.7685,,,,,,,,,
2024-05-17,,,-0.5219,,,,,,,,,
2024-05-18,,,-0.4988,,,,,,,,,
2024-05-19,,,-1.3799,,,,,,,,,
2024-05-20,,,-0.8019,,,,,,,,,
2024-05-21,,,-0.7466,,,,,,,,,
2024-05-22,,,-1.0086,,,,,,,,,
2024-05-23,,,-0.8051,,,,,,,,,
2024-05-24,,,-0.9703,,,,,,,,,
2024-05-25,,,-0.7270,,,,,,,,,
2024-05-26,,,-0.9131,,,,,,,,,
2024-05-27,,,-0.8402,,,,,,,,,
2024-05-28,,,-0.6583,,,,,,,,,
2024-05-29,,,-0.7466,,,,,,,,,
2024-05-30,,,-1.0827,,,,,,,,,
2024-05-31,,,-0.9985,,,,,,,,,
2024-06-01,,,-1.0163,,,,,,,,,
2024-06-02,,,-0.8707,,,,,,,,,
2024-06-03,,,-0.6454,,,,,,,,,
2024-06-04,,,-0.8880,,,,,,,,,
2024-06-05,,,-0.9931,,,,,,,,,
2024-06-06,,,-1.0115,,,,,,,,,
2024-06-07,,,-1.0907,,,,,,,,,
2024-06-08,,,-1.1573,,,,,,,,,
2024-06-09,,,-1.1621,,,,,,,,,
2024-06-10,,,-1.2594,,,,,,,,,
2024-06-11,,,-1.0885,,,,,,,,,
2024-06-12,,,-1.2513,,,,,,,,,
2024-06-13,,,-0.8871,,,,,,,,,
2024-06-14,,,-0.6985,,,,,,,,,
2024-06-15,,,-1.1827,,,,,,,,,
2024-06-16,,,-1.0271,,,,,,,,,
2024-06-17,,,-0.9371,,,,,,,,,
2024-06-18,,,-0.9683,,,,,,,,,
2024-06-19,,,-1.1287,,,,,,,,,
2024-06-20,,,-1.0552,,,,,,,,,
2024-06-21,,,-1.0925,,,,,,,,,
2024-06-22,,,-0.9942,,,,,,,,,
2024-06-23,,,-0.8369,,,,,,,,,
2024-06-24,,,-0.6371,,,,,,,,,
2024-06-25,,,-0.8027,,,,,,,,,
2024-06-26,,,-0.6279,,,,,,,,,
2024-06-27,,,-0.9167,,,,,,,,,
2024-06-28,,,-1.2650,,,,,,,,,
2024-06-29,,,-0.8904,,,,,,,,,
2024-06-30,,,-1.0416,,,,,,,,,
2024-07-01,,,-0.8448,,,,,,,,,
2024-07-02,,,-0.6769,,,,,,,,,
2024-07-03,,,-0.6485,,,,,,,,,
2024-07-04,,,-0.3728,,,,,,,,,
2024-07-05,,,-0.6417,,,,,,,,,
2024-07-06,,,-0.5586,,,,,,,,,
2024-07-07,,,-0.7149,,,,,,,,,
2024-07-08,,,-0.0273,,,,,,,,,
2024-07-09,,,-0.4554,,,,,,,,,
2024-07-10,,,-0.6772,,,,,,,,,
2024-07-11,,,-0.8874,,,,,,,,,
2024-07-12,,,-0.6346,,,,,,,,,
2024-07-13,,,-0.4177,,,,,,,,,
2024-07-14,,,-0.2197,,,,,,,,,
2024-07-15,,,0.0027,,,,,,,,,
2024-07-16,,,-0.3047,,,,,,,,,
2024-07-17,,,-0.4603,,,,,,,,,
2024-07-18,,,-0.8768,,,,,,,,,
2024-07-19,,,-1.0317,,,,,,,,,
2024-07-20,,,-0.3772,,,,,,,,,
2024-07-21,,,-0.7011,,,,,,,,,
2024-07-22,,,-0.8639,,,,,,,,,
2024-07-23,,,-0.3694,,,,,,,,,
2024-07-24,,,-0.5470,,,,,,,,,
2024-07-25,,,-0.6220,,,,,,,,,
2024-07-26,,,-0.6826,,,,,,,,,
2024-07-27,,,-0.6047,,,,,,,,,
2024-07-28,,,-0.4839,,,,,,,,,
2024-07-29,,,-0.8238,,,,,,,,,
2024-07-30,,,-0.5830,,,,,,,,,
2024-07-31,,,-1.0574,,,,,,,,,
2024-08-01,,,-1.0978,,,,,,,,,
2024-08-02,,,-2.1312,,,,,,,,,
2024-08-03,,,-2.3327,,,,,,,,,
2024-08-04,,,-1.0301,,,,,,,,,
2024-08-05,,,-2.9690,,,,,,,,,
2024-08-06,,,-2.2221,,,,,,,,,
2024-08-07,,,-1.2763,,,,,,,,,
2024-08-08,,,-1.2191,,,,,,,,,
2024-08-09,,,-1.3722,,,,,,,,,
2024-08-10,,,-0.9901,,,,,,,,,
2024-08-11,,,-0.8616,,,,,,,,,
2024-08-12,,,-1.3249,,,,,,,,,
2024-08-13,,,-0.8808,,,,,,,,,
2024-08-14,,,-0.9902,,,,,,,,,
2024-08-15,,,-1.3146,,,,,,,,,
2024-08-16,,,-0.9596,,,,,,,,,
2024-08-17,,,-0.5402,,,,,,,,,
2024-08-18,,,-0.3378,,,,,,,,,
2024-08-19,,,-0.8231,,,,,,,,,
2024-08-20,,,-0.7437,,,,,,,,,
2024-08-21,,,-0.8607,,,,,,,,,
2024-08-22,,,-0.8531,,,,,,,,,
2024-08-23,,,-1.4960,,,,,,,,,
2024-08-24,,,-0.9151,,,,,,,,,
2024-08-25,,,-1.1264,,,,,,,,,
2024-08-26,,,-0.9955,,,,,,,,,
2024-08-27,,,-0.8924,,,,,,,,,
2024-08-28,,,-0.4029,,,,,,,,,
2024-08-29,,,-0.6549,,,,,,,,,
2024-08-30,,,-0.7813,,,,,,,,,
2024-08-31,,,-0.4148,,,,,,,,,
2024-09-01,,,-0.6151,,,,,,,,,
2024-09-02,,,-0.9918,,,,,,,,,
2024-09-03,,,-1.0253,,,,,,,,,
2024-09-04,,,-1.6932,,,,,,,,,
2024-09-05,,,-1.3980,,,,,,,,,
2024-09-06,,,-1.5798,,,,,,,,,
2024-09-07,,,-1.5976,,,,,,,,,
2024-09-08,,,-1.3226,,,,,,,,,
2024-09-09,,,-1.2220,,,,,,,,,
2024-09-10,,,-1.0229,,,,,,,,,
2024-09-11,,,-1.7350,,,,,,,,,
2024-09-12,,,-1.3582,,,,,,,,,
2024-09-13,,,-0.9102,,,,,,,,,
2024-09-14,,,-0.8276,,,,,,,,,
2024-09-15,,,-0.8488,,,,,,,,,
2024-09-16,,,-0.9966,,,,,,,,,
2024-09-17,,,-1.0648,,,,,,,,,
2024-09-18,,,-1.7443,,,,,,,,,
2024-09-19,,,-1.6690,,,,,,,,,
2024-09-20,,,-1.0786,,,,,,,,,
2024-09-21,,,-0.4958,,,,,,,,,
2024-09-22,,,-0.5238,,,,,,,,,
2024-09-23,,,-0.9243,,,,,,,,,
2024-09-24,,,-0.9465,,,,,,,,,
2024-09-25,,,-0.7106,,,,,,,,,
2024-09-26,,,-0.8311,,,,,,,,,
2024-09-27,,,-0.4042,,,,,,,,,
2024-09-28,,,-0.3411,,,,,,,,,
2024-09-29,,,-0.5705,,,,,,,,,
2024-09-30,,,-0.5198,,,,,,,,,
2024-10-01,,,-1.0303,,,,,,,,,
2024-10-02,,,-1.4251,,,,,,,,,
2024-10-03,,,-0.9921,,,,,,,,,
2024-10-04,,,-0.9406,,,,,,,,,
2024-10-05,,,-0.9235,,,,,,,,,
2024-10-06,,,-1.1811,,,,,,,,,
2024-10-07,,,-0.4711,,,,,,,,,
2024-10-08,,,-0.5859,,,,,,,,,
2024-10-09,,,-1.1324,,,,,,,,,
2024-10-10,,,-1.0315,,,,,,,,,
2024-10-11,,,-1.0438,,,,,,,,,
2024-10-12,,,-0.2524,,,,,,,,,
2024-10-13,,,-0.2494,,,,,,,,,
2024-10-14,,,-0.1890,,,,,,,,,
2024-10-15,,,-0.5776,,,,,,,,,
2024-10-16,,,-0.8702,,,,,,,,,
2024-10-17,,,-0.6096,,,,,,,,,
2024-10-18,,,-0.4494,,,,,,,,,
2024-10-19,,,-0.2756,,,,,,,,,
2024-10-20,,,-0.6312,,,,,,,,,
2024-10-21,,,-0.4963,,,,,,,,,
2024-10-22,,,-0.9819,,,,,,,,,
2024-10-23,,,-0.3859,,,,,,,,,
2024-10-24,,,-0.4632,,,,,,,,,
2024-10-25,,,-0.8402,,,,,,,,,
2024-10-26,,,-0.1162,,,,,,,,,
2024-10-27,,,-0.5853,,,,,,,,,
2024-10-28,,,-0.4416,,,,,,,,,
2024-10-29,,,-0.4026,,,,,,,,,
2024-10-30,,,-0.8255,,,,,,,,,
2024-10-31,,,-0.8373,,,,,,,,,
2024-11-01,,,-1.2531,,,,,,,,,
2024-11-02,,,-0.4542,,,,,,,,,
2024-11-03,,,-0.8093,,,,,,,,,
2024-11-04,,,-0.7933,,,,,,,,,
2024-11-05,,,-0.9864,,,,,,,,,
2024-11-06,,,-0.9039,,,,,,,,,
2024-11-07,,,-1.2541,,,,,,,,,
2024-11-08,,,-0.8979,,,,,,,,,
2024-11-09,,,-1.4569,,,,,,,,,
2024-11-10,,,-0.4614,,,,,,,,,
2024-11-11,,,-0.6988,,,,,,,,,
2024-11-12,,,-0.3936,,,,,,,,,
2024-11-13,,,-1.0050,,,,,,,,,
2024-11-14,,,-0.7639,,,,,,,,,
2024-11-15,,,-1.1795,,,,,,,,,
2024-11-16,,,-0.3193,,,,,,,,,
2024-11-17,,,-0.4514,,,,,,,,,
2024-11-18,,,-0.8439,,,,,,,,,
2024-11-19,,,-0.5955,,,,,,,,,
2024-11-20,,,-0.7279,,,,,,,,,
2024-11-21,,,-0.8680,,,,,,,,,
2024-11-22,,,-0.3892,,,,,,,,,
2024-11-23,,,-0.8721,,,,,,,,,
2024-11-24,,,-1.0120,,,,,,,,,
2024-11-25,,,-0.4672,,,,,,,,,
2024-11-26,,,-0.7405,,,,,,,,,
2024-11-27,,,-1.2115,,,,,,,,,
2024-11-28,,,-0.5658,,,,,,,,,
2024-11-29,,,-0.5454,,,,,,,,,
2024-11-30,,,-0.7380,,,,,,,,,
2024-12-01,,,-0.3059,,,,,,,,,
2024-12-02,,,-0.5628,,,,,,,,,
2024-12-03,,,-0.7419,,,,,,,,,
2024-12-04,,,-0.8941,,,,,,,,,
2024-12-05,,,-0.7031,,,,,,,,,
2024-12-06,,,-1.0468,,,,,,,,,
2024-12-07,,,-0.5921,,,,,,,,,
2024-12-08,,,-0.4965,,,,,,,,,
2024-12-09,,,-1.0277,,,,,,,,,
2024-12-10,,,-0.7491,,,,,,,,,
2024-12-11,,,-0.8012,,,,,,,,,
2024-12-12,,,-1.3833,,,,,,,,,
2024-12-13,,,-0.9971,,,,,,,,,
2024-12-14,,,-0.2110,,,,,,,,,
2024-12-15,,,-0.5657,,,,,,,,,
2024-12-16,,,-0.8294,,,,,,,,,
2024-12-17,,,-0.9734,,,,,,,,,
2024-12-18,,,-1.7454,,,,,,,,,
2024-12-19,,,-1.7157,,,,,,,,,
2024-12-20,,,-1.6204,,,,,,,,,
2024-12-21,,,-0.5250,,,,,,,,,
2024-12-22,,,-1.6436,,,,,,,,,
2024-12-23,,,-0.6757,,,,,,,,,
2024-12-24,,,-0.6778,,,,,,,,,
2024-12-25,,,-0.9560,,,,,,,,,
2024-12-26,,,-0.4195,,,,,,,,,
2024-12-27,,,-0.4773,,,,,,,,,
2024-12-28,,,0.0765,,,,,,,,,
2024-12-29,,,-0.2218,,,,,,,,,
2024-12-30,,,-0.7042,,,,,,,,,
2024-12-31,,,-0.8960,,,,,,,,,
2025-01-01,,,0.0112,,,,,,,,,
2025-01-02,,,-0.6480,,,,,,,,,
2025-01-03,,,-0.9341,,,,,,,,,
2025-01-04,,,-0.0192,,,,,,,,,
2025-01-05,,,-0.1300,,,,,,,,,
2025-01-06,,,-0.7586,,,,,,,,,
2025-01-07,,,-1.0282,,,,,,,,,
2025-01-08,,,-0.8488,,,,,,,,,
2025-01-09,,,-1.1252,,,,,,,,,
2025-01-10,,,-1.2544,,,,,,,,,
2025-01-11,,,-0.7427,,,,,,,,,
2025-01-12,,,-0.9679,,,,,,,,,
2025-01-13,,,-1.4577,,,,,,,,,
2025-01-14,,,-1.0241,,,,,,,,,
2025-01-15,,,-1.0312,,,,,,,,,
2025-01-16,,,-0.7693,,,,,,,,,
2025-01-17,,,-0.6302,,,,,,,,,
2025-01-18,,,-0.3765,,,,,,,,,
2025-01-19,,,-0.7710,,,,,,,,,
2025-01-20,,,-0.4526,,,,,,,,,
2025-01-21,,,-1.0299,,,,,,,,,
2025-01-22,,,-0.6377,,,,,,,,,
2025-01-23,,,-0.9157,,,,,,,,,
2025-01-24,,,-0.8432,,,,,,,,,
2025-01-25,,,-0.3367,,,,,,,,,
2025-01-26,,,-0.5043,,,,,,,,,
2025-01-27,,,-0.7653,,,,,,,,,
2025-01-28,,,-0.9228,,,,,,,,,
2025-01-29,,,-1.2620,,,,,,,,,
2025-01-30,,,-1.1885,,,,,,,,,
2025-01-31,,,-0.5199,,,,,,,,,
2025-02-01,,,-1.2490,,,,,,,,,
2025-02-02,,,-0.8152,,,,,,,,,
2025-02-03,,,-1.6564,,,,,,,,,
2025-02-04,,,-1.2583,,,,,,,,,
2025-02-05,,,-0.9639,,,,,,,,,
2025-02-06,,,-1.2914,,,,,,,,,
2025-02-07,,,-1.0811,,,,,,,,,
2025-02-08,,,-0.9194,,,,,,,,,
2025-02-09,,,-1.0201,,,,,,,,,
2025-02-10,,,-0.8314,,,,,,,,,
2025-02-11,,,-1.1010,,,,,,,,,
2025-02-12,,,-1.3227,,,,,,,,,
2025-02-13,,,-0.9124,,,,,,,,,
2025-02-14,,,-0.8560,,,,,,,,,
2025-02-15,,,-0.9114,,,,,,,,,
2025-02-16,,,-0.6140,,,,,,,,,
2025-02-17,,,-1.3553,,,,,,,,,
2025-02-18,,,-1.0246,,,,,,,,,
2025-02-19,,,-0.8110,,,,,,,,,
2025-02-20,,,-0.8583,,,,,,,,,
2025-02-21,,,-0.8155,,,,,,,,,
2025-02-22,,,-1.2520,,,,,,,,,
2025-02-23,,,-0.2695,,,,,,,,,
2025-02-24,,,-1.0878,,,,,,,,,
2025-02-25,,,-1.0166,,,,,,,,,
2025-02-26,,,-0.6636,,,,,,,,,
2025-02-27,,,-0.9629,,,,,,,,,
2025-02-28,,,-1.4552,,,,,,,,,
2025-03-01,,,-0.7514,,,,,,,,,
2025-03-02,,,-1.1417,,,,,,,,,
2025-03-03,,,-1.1000,,,,,,,,,
2025-03-04,,,-1.3255,,,,,,,,,
2025-03-05,,,-0.8977,,,,,,,,,
2025-03-06,,,-1.2812,,,,,,,,,
2025-03-07,,,-1.3712,,,,,,,,,
2025-03-08,,,-1.3624,,,,,,,,,
2025-03-09,,,-1.3768,,,,,,,,,
2025-03-10,,,-1.7993,,,,,,,,,
2025-03-11,,,-1.9799,,,,,,,,,
2025-03-12,,,-1.6341,,,,,,,,,
2025-03-13,,,-1.2143,,,,,,,,,
2025-03-14,,,-1.1629,,,,,,,,,
2025-03-15,,,-0.7366,,,,,,,,,
2025-03-16,,,-0.9720,,,,,,,,,
2025-03-17,,,-1.3203,,,,,,,,,
2025-03-18,,,-0.8550,,,,,,,,,
2025-03-19,,,-1.6518,,,,,,,,,
2025-03-20,,,-1.2247,,,,,,,,,
2025-03-21,,,-1.1153,,,,,,,,,
2025-03-22,,,-2.1588,,,,,,,,,
2025-03-23,,,-0.3102,,,,,,,,,
2025-03-24,,,-1.0317,,,,,,,,,
2025-03-25,,,-0.6721,,,,,,,,,
2025-03-26,,,-1.0133,,,,,,,,,
2025-03-27,,,-1.2532,,,,,,,,,
2025-03-28,,,-1.3533,,,,,,,,,
2025-03-29,,,-0.9254,,,,,,,,,
2025-03-30,,,-0.8215,,,,,,,,,
2025-03-31,,,-1.5008,,,,,,,,,
2025-04-01,,,-0.6976,,,,,,,,,
2025-04-02,,,-0.6712,,,,,,,,,
2025-04-03,,,-1.5479,,,,,,,,,
2025-04-04,,,-2.4350,,,,,,,,,
2025-04-05,,,-1.8915,,,,,,,,,
2025-04-06,,,-1.4336,,,,,,,,,
2025-04-07,,,-2.6637,,,,,,,,,
2025-04-08,,,-1.9163,,,,,,,,,
2025-04-09,,,-2.0503,,,,,,,,,
2025-04-10,,,-1.6499,,,,,,,,,
2025-04-11,,,-1.1845,,,,,,,,,
2025-04-12,,,-1.4634,,,,,,,,,
2025-04-13,,,-1.2136,,,,,,,,,
2025-04-14,,,-1.0819,,,,,,,,,
2025-04-15,,,-0.5594,,,,,,,,,
2025-04-16,,,-1.2762,,,,,,,,,
2025-04-17,,,-1.9394,,,,,,,,,
2025-04-18,,,-2.2400,,,,,,,,,
2025-04-19,,,-0.8612,,,,,,,,,
2025-04-20,,,-0.8597,,,,,,,,,
2025-04-21,,,-1.5147,,,,,,,,,
2025-04-22,,,-1.8332,,,,,,,,,
2025-04-23,,,-1.7402,,,,,,,,,
2025-04-24,,,-1.1465,,,,,,,,,
2025-04-25,,,-0.9165,,,,,,,,,
2025-04-26,,,-0.6035,,,,,,,,,
2025-04-27,,,-0.7996,,,,,,,,,
2025-04-28,,,-1.0285,,,,,,,,,
2025-04-29,,,-1.1760,,,,,,,,,
2025-04-30,,,-1.7223,,,,,,,,,
2025-05-01,,,-1.0171,,,,,,,,,
2025-05-02,,,-1.3669,,,,,,,,,
2025-05-03,,,-1.4693,,,,,,,,,
2025-05-04,,,-1.0660,,,,,,,,,
2025-05-05,,,-1.1878,,,,,,,,,
2025-05-06,,,-0.8902,,,,,,,,,
2025-05-07,,,-1.4232,,,,,,,,,
2025-05-08,,,-1.4712,,,,,,,,,
2025-05-09,,,-0.8692,,,,,,,,,
2025-05-10,,,-0.3300,,,,,,,,,
2025-05-11,,,-0.1559,,,,,,,,,
2025-05-12,,,-0.8662,,,,,,,,,
2025-05-13,,,-0.9690,,,,,,,,,
2025-05-14,,,-0.7794,,,,,,,,,
2025-05-15,,,-0.9848,,,,,,,,,
2025-05-16,,,-1.4416,,,,,,,,,
2025-05-17,,,-1.5873,,,,,,,,,
2025-05-18,,,-1.4697,,,,,,,,,
2025-05-19,,,-1.3512,,,,,,,,,
2025-05-20,,,-1.4671,,,,,,,,,
2025-05-21,,,-1.1761,,,,,,,,,
2025-05-22,,,-1.3284,,,,,,,,,
2025-05-23,,,-0.8180,,,,,,,,,
2025-05-24,,,-0.5604,,,,,,,,,
2025-05-25,,,-0.9587,,,,,,,,,
2025-05-26,,,-0.8875,,,,,,,,,
2025-05-27,,,-1.0450,,,,,,,,,
2025-05-28,,,-1.3193,,,,,,,,,
2025-05-29,,,-1.4227,,,,,,,,,
2025-05-30,,,-0.7858,,,,,,,,,
2025-05-31,,,-0.7194,,,,,,,,,
2025-06-01,,,-1.6476,,,,,,,,,
2025-06-02,,,-1.0970,,,,,,,,,
2025-06-03,,,-1.3142,,,,,,,,,
2025-06-04,,,-1.1477,,,,,,,,,
2025-06-05,,,-1.4011,,,,,,,,,
2025-06-06,,,-1.1110,,,,,,,,,
2025-06-07,,,-0.8591,,,,,,,,,
2025-06-08,,,-0.6364,,,,,,,,,
2025-06-09,,,-0.8483,,,,,,,,,
2025-06-10,,,-0.8843,,,,,,,,,
2025-06-11,,,-0.5563,,,,,,,,,
2025-06-12,,,-1.2306,,,,,,,,,
2025-06-13,,,-1.5980,,,,,,,,,
2025-06-14,,,-1.0077,,,,,,,,,
2025-07-02,,,-1.4363,,,,,,,,,
2025-07-03,,,-1.3989,,,,,,,,,
2025-07-04,,,-0.8916,,,,,,,,,
2025-07-05,,,-0.4453,,,,,,,,,
2025-07-06,,,-1.5114,,,,,,,,,
2025-07-07,,,-0.7815,,,,,,,,,
2025-07-08,,,-1.0084,,,,,,,,,
2025-07-09,,,-0.9066,,,,,,,,,
2025-07-10,,,-0.6457,,,,,,,,,
2025-07-11,,,-1.6405,,,,,,,,,
2025-07-12,,,-1.3421,,,,,,,,,
2025-07-13,,,-1.4980,,,,,,,,,
2025-07-14,,,-1.2246,,,,,,,,,
2025-07-15,,,-1.3359,,,,,,,,,
2025-07-16,,,-1.2643,,,,,,,,,
2025-07-17,,,-1.4349,,,,,,,,,
2025-07-18,,,-0.8988,,,,,,,,,
2025-07-19,,,-0.8947,,,,,,,,,
2025-07-20,,,-0.8536,,,,,,,,,
2025-07-21,,,-1.1654,,,,,,,,,
2025-07-22,,,-0.9112,,,,,,,,,
2025-07-23,,,-0.5858,,,,,,,,,
2025-07-24,,,-1.2351,,,,,,,,,
2025-07-25,,,-1.2528,,,,,,,,,
2025-07-26,,,-1.0115,,,,,,,,,
2025-07-27,,,-0.7473,,,,,,,,,
2025-07-28,,,-0.4542,,,,,,,,,
2025-07-29,,,-0.6972,,,,,,,,,
2025-07-30,,,-1.3021,,,,,,,,,
2025-07-31,,,-1.1358,,,,,,,,,
2025-08-01,,,-1.7222,,,,,,,,,
2025-08-02,,,-1.8596,,,,,,,,,
2025-08-03,,,-1.3891,,,,,,,,,
2025-08-04,,,-1.6594,,,,,,,,,
2025-08-05,,,-0.8216,,,,,,,,,
2025-08-06,,,-1.3959,,,,,,,,,
2025-08-07,,,-0.9733,,,,,,,,,
2025-08-08,,,-0.8405,,,,,,,,,
2025-08-09,,,-0.5807,,,,,,,,,
2025-08-10,,,-1.7413,,,,,,,,,
2025-08-11,,,-1.3167,,,,,,,,,
2025-08-12,,,-1.1571,,,,,,,,,
2025-08-13,,,-0.6232,,,,,,,,,
2025-08-14,,,-0.8368,,,,,,,,,
2025-08-15,,,-1.0824,,,,,,,,,
2025-08-16,,,-0.7911,,,,,,,,,
2025-08-17,,,-0.8732,,,,,,,,,
2025-08-18,,,-0.8083,,,,,,,,,
2025-08-19,,,-0.8395,,,,,,,,,
2025-08-20,,,-1.4577,,,,,,,,,
2025-08-21,,,-1.6093,,,,,,,,,
2025-08-22,,,-1.6752,,,,,,,,,
2025-08-23,,,-1.9059,,,,,,,,,
2025-08-24,,,-1.3324,,,,,,,,,
2025-08-25,,,-0.8668,,,,,,,,,
2025-08-26,,,-2.5893,,,,,,,,,
2025-08-27,,,-1.6793,,,,,,,,,
2025-08-28,,,-1.6103,,,,,,,,,
2025-08-29,,,-1.9696,,,,,,,,,
2025-08-30,,,-1.3353,,,,,,,,,
2025-08-31,,,-1.4107,,,,,,,,,
2025-09-01,,,-1.3687,,,,,,,,,
2025-09-02,,,-1.2298,,,,,,,,,
2025-09-03,,,-0.8629,,,,,,,,,
2025-09-04,,,-1.3207,,,,,,,,,
2025-09-05,,,-1.8141,,,,,,,,,
2025-09-06,,,-1.7021,,,,,,,,,
2025-09-07,,,-1.2737,,,,,,,,,
2025-09-08,,,-1.3414,,,,,,,,,
2025-09-09,,,-1.2542,,,,,,,,,
2025-09-10,,,-1.7517,,,,,,,,,
2025-09-11,,,-1.4191,,,,,,,,,
2025-09-12,,,-1.5065,,,,,,,,,
2025-09-13,,,-1.4011,,,,,,,,,
2025-09-14,,,-2.0194,,,,,,,,,
2025-09-15,,,-1.7155,,,,,,,,,
2025-09-16,,,-1.7289,,,,,,,,,
2025-09-17,,,-1.7855,,,,,,,,,
2025-09-18,,,-1.8746,,,,,,,,,
2025-09-19,,,-1.1370,,,,,,,,,
2025-09-20,,,-1.4466,,,,,,,,,
2025-09-21,,,-0.0761,,,,,,,,,
2025-09-22,,,-1.1312,,,,,,,,,
2025-09-23,,,-1.2149,,,,,,,,,
2025-09-24,,,-0.8900,,,,,,,,,
2025-09-25,,,-1.1310,,,,,,,,,
2025-09-26,,,-2.0598,,,,,,,,,
2025-09-27,,,-1.4571,,,,,,,,,
2025-09-28,,,-0.7497,,,,,,,,,
2025-09-29,,,-0.9429,,,,,,,,,
2025-09-30,,,-0.9051,,,,,,,,,
2025-10-01,,,-1.8770,,,,,,,,,
2025-10-02,,,-1.1749,,,,,,,,,
2025-10-03,,,-0.9240,,,,,,,,,
2025-10-04,,,-0.7490,,,,,,,,,
2025-10-05,,,-0.7111,,,,,,,,,
2025-10-06,,,-0.7018,,,,,,,,,
2025-10-07,,,-0.3554,,,,,,,,,
2025-10-08,,,-0.5894,,,,,,,,,
2025-10-09,,,-1.0403,,,,,,,,,
2025-10-10,,,-1.6554,,,,,,,,,
2025-10-11,,,-0.9412,,,,,,,,,
2025-10-12,,,-1.6042,,,,,,,,,
2025-10-13,,,-0.8337,,,,,,,,,
2025-10-14,,,-0.6800,,,,,,,,,
2025-10-15,,,-1.2010,,,,,,,,,
2025-10-16,,,-0.7986,,,,,,,,,
2025-10-17,,,-1.6048,,,,,,,,,
2025-10-18,,,-0.8789,,,,,,,,,
2025-10-19,,,-0.6908,,,,,,,,,
2025-10-20,,,0.0495,,,,,,,,,
2025-10-21,,,-0.7600,,,,,,,,,
2025-10-22,,,-0.2899,,,,,,,,,
2025-10-23,,,-0.6351,,,,,,,,,
2025-10-24,,,-1.3247,,,,,,,,,
2025-10-25,,,-0.4867,,,,,,,,,
2025-10-26,,,-0.5076,,,,,,,,,
2025-10-27,,,-0.0500,,,,,,,,,
2025-10-28,,,-0.3800,,,,,,,,,
2025-10-29,,,-0.9911,,,,,,,,,
2025-10-30,,,-1.1274,,,,,,,,,
2025-10-31,,,-0.5489,,,,,,,,,
2025-11-01,,,-0.1420,,,,,,,,,
2025-11-02,,,-0.9487,,,,,,,,,
2025-11-03,,,-1.3178,,,,,,,,,
2025-11-04,,,-1.3301,,,,,,,,,
2025-11-05,,,-1.1921,,,,,,,,,
2025-11-06,,,-1.1339,,,,,,,,,
2025-11-07,,,-1.4795,,,,,,,,,
2025-11-08,,,-1.0163,,,,,,,,,
2025-11-09,,,-1.2846,,,,,,,,,
2025-11-10,,,-0.4068,,,,,,,,,
2025-11-11,,,-0.9085,,,,,,,,,
2025-11-12,,,-0.4041,,,,,,,,,
2025-11-13,,,-0.9224,,,,,,,,,
2025-11-14,,,-1.5147,,,,,,,,,
2025-11-15,,,-1.8379,,,,,,,,,
2025-11-16,,,-0.9477,,,,,,,,,
2025-11-17,,,-1.1591,,,,,,,,,
2025-11-18,,,-1.5794,,,,,,,,,
2025-11-19,,,-1.5581,,,,,,,,,
2025-11-20,,,-1.5601,,,,,,,,,
2025-11-21,,,-1.3605,,,,,,,,,
2025-11-22,,,-0.1031,,,,,,,,,
2025-11-23,,,-1.7681,,,,,,,,,
2025-11-24,,,-1.0191,,,,,,,,,
2025-11-25,,,-0.5769,,,,,,,,,
2025-11-26,,,-1.0564,,,,,,,,,
2025-11-27,,,-0.6485,,,,,,,,,
2025-11-28,,,-0.2405,,,,,,,,,
2025-11-29,,,-1.6649,,,,,,,,,
2025-11-30,,,-0.4502,,,,,,,,,
2025-12-01,,,-0.7239,,,,,,,,,
2025-12-02,,,-0.6374,,,,,,,,,
2025-12-03,,,-0.5697,,,,,,,,,
2025-12-04,,,-0.7340,,,,,,,,,
2025-12-05,,,-0.5228,,,,,,,,,
2025-12-06,,,1.3514,,,,,,,,,
2025-12-07,,,-0.4003,,,,,,,,,
2025-12-08,,,-1.4161,,,,,,,,,
2025-12-09,,,-1.0922,,,,,,,,,
2025-12-10,,,-1.5961,,,,,,,,,
2025-12-11,,,-1.4639,,,,,,,,,
2025-12-12,,,-0.7067,,,,,,,,,
2025-12-13,,,-0.4729,,,,,,,,,
2025-12-14,,,-0.1628,,,,,,,,,
2025-12-15,,,-0.5996,,,,,,,,,
2025-12-16,,,-1.8675,,,,,,,,,
2025-12-17,,,-1.0930,,,,,,,,,
2025-12-18,,,-1.2714,,,,,,,,,
2025-12-19,,,-0.6956,,,,,,,,,
2025-12-20,,,-0.5205,,,,,,,,,
2025-12-21,,,-0.5006,,,,,,,,,
2025-12-22,,,-0.5746,,,,,,,,,
2025-12-23,,,-0.8936,,,,,,,,,
2025-12-24,,,-0.6437,,,,,,,,,
2025-12-25,,,-0.7708,,,,,,,,,
2025-12-26,,,-0.1136,,,,,,,,,
2025-12-27,,,-0.0380,,,,,,,,,
2025-12-28,,,-0.0036,,,,,,,,,
2025-12-29,,,-0.7572,,,,,,,,,
2025-12-30,,,-0.9272,,,,,,,,,
2025-12-31,,,-1.1102,,,,,,,,,
2026-01-01,,,-0.8486,,,,,,,,,
2026-01-02,,,-0.5789,,,,,,,,,
2026-01-03,,,-0.2249,,,,,,,,,
2026-01-04,,,-0.5174,,,,,,,,,
2026-01-05,,,-0.7109,,,,,,,,,
2026-01-06,,,-0.6375,,,,,,,,,
2026-01-07,,,-0.6780,,,,,,,,,
2026-01-08,,,-0.9272,,,,,,,,,
2026-01-09,,,-1.2889,,,,,,,,,
2026-01-10,,,0.0888,,,,,,,,,
2026-01-11,,,-0.3559,,,,,,,,,
2026-01-12,,,-2.8530,,,,,,,,,
2026-01-13,,,-1.8327,,,,,,,,,
2026-01-14,,,-1.4860,,,,,,,,,
2026-01-15,,,-0.8698,,,,,,,,,
2026-01-16,,,-0.7244,,,,,,,,,
2026-01-17,,,-2.5288,,,,,,,,,
2026-01-18,,,-1.0244,,,,,,,,,
2026-01-19,,,-1.2285,,,,,,,,,
2026-01-20,,,-1.1731,,,,,,,,,
2026-01-21,,,-1.5764,,,,,,,,,
2026-01-22,,,-1.5170,,,,,,,,,
2026-01-23,,,-0.6131,,,,,,,,,
2026-01-24,,,-0.7796,,,,,,,,,
2026-01-25,,,-1.2671,,,,,,,,,
2026-01-26,,,-0.0412,,,,,,,,,
2026-01-27,,,-0.4798,,,,,,,,,
2026-01-28,,,-1.1772,,,,,,,,,
2026-01-29,,,-0.6225,,,,,,,,,
2026-01-30,,,-0.7734,,,,,,,,,
2026-01-31,,,-1.3948,,,,,,,,,
2026-02-01,,,-1.3333,,,,,,,,,
2026-02-02,,,-1.4014,,,,,,,,,
2026-02-03,,,-0.8450,,,,,,,,,
2026-02-04,,,-1.1477,,,,,,,,,
2026-02-05,,,-1.2088,,,,,,,,,
2026-02-06,,,-1.0910,,,,,,,,,
2026-02-07,,,-0.6744,,,,,,,,,
2026-02-08,,,-0.4797,,,,,,,,,
2026-02-09,,,-0.6610,,,,,,,,,
2026-02-10,,,-0.5454,,,,,,,,,
2026-02-11,,,-1.8451,,,,,,,,,
2026-02-12,,,-0.9814,,,,,,,,,
2026-02-13,,,-0.9786,,,,,,,,,
2026-02-14,,,-0.6425,,,,,,,,,
2026-02-15,,,-0.6317,,,,,,,,,
2026-02-16,,,-0.7094,,,,,,,,,
2026-02-17,,,-0.9165,,,,,,,,,
2026-02-18,,,-0.4551,,,,,,,,,
2026-02-19,,,-0.7337,,,,,,,,,
2026-02-20,,,-0.8938,,,,,,,,,
2026-02-21,,,-0.1361,,,,,,,,,
2026-02-22,,,-0.3695,,,,,,,,,
2026-02-23,,,-0.6042,,,,,,,,,
2026-02-24,,,-0.9539,,,,,,,,,
2026-02-25,,,-0.7280,,,,,,,,,
2026-02-26,,,-0.6674,,,,,,,,,
2026-02-27,,,-0.2352,,,,,,,,,
2026-02-28,,,0.8807,,,,,,,,,
2026-03-01,,,-0.7816,,,,,,,,,
2026-03-02,,,-1.9394,,,,,,,,,
2026-03-03,,,-2.1501,,,,,,,,,
2026-03-04,,,-1.7734,,,,,,,,,
2026-03-05,,,-1.7359,,,,,,,,,
2026-03-06,,,-2.4959,,,,,,,,,
2026-03-07,,,-2.4815,,,,,,,,,
2026-03-08,,,-1.6372,,,,,,,,,
2026-03-09,,,-2.4924,,,,,,,,,
2026-03-10,,,-2.4197,,,,,,,,,
2026-03-11,,,-1.8609,,,,,,,,,
2026-03-12,,,-2.0255,,,,,,,,,
2026-03-13,,,-2.6920,,,,,,,,,
2026-03-14,,,-3.2537,,,,,,,,,
2026-03-15,,,-2.1393,,,,,,,,,
2026-03-16,,,-1.9825,,,,,,,,,
2026-03-17,,,-1.8311,,,,,,,,,
2026-03-18,,,-2.2194,,,,,,,,,
2026-03-19,,,-2.6261,,,,,,,,,
2026-03-20,,,-2.6435,,,,,,,,,
2026-03-21,,,-2.8869,,,,,,,,,
2026-03-22,,,-2.0670,,,,,,,,,
2026-03-23,,,-2.1872,,,,,,,,,
2026-03-24,,,-1.9098,,,,,,,,,
2026-03-25,,,-1.9598,,,,,,,,,
2026-03-26,,,-1.6893,,,,,,,,,
2026-03-27,,,-1.1212,,,,,,,,,
2026-03-28,,,-1.8617,,,,,,,,,
2026-03-29,,,-1.6037,,,,,,,,,
2026-03-30,,,-1.8262,,,,,,,,,
2026-03-31,,,-1.9183,,,,,,,,,
2026-04-01,,,-1.2155,,,,,,,,,
2026-04-02,,,-2.2181,,,,,,,,,
2026-04-03,,,-2.3920,,,,,,,,,
2026-04-04,,,-1.2895,,,,,,,,,
2026-04-05,,,-1.6195,,,,,,,,,
2026-04-06,,,-2.3963,,,,,,,,,
2026-04-07,,,-1.7525,,,,,,,,,
2026-04-08,,,-1.8332,,,,,,,,,
2026-04-09,,,-1.7257,,,,,,,,,
2026-04-10,,,-1.7586,,,,,,,,,
2026-04-11,,,-1.7193,,,,,,,,,
2026-04-12,,,-1.3987,,,,,,,,,
2026-04-13,,,-1.6914,,,,,,,,,
2026-04-14,,,-2.0511,,,,,,,,,
2026-04-15,,,-2.2995,,,,,,,,,
2026-04-16,,,-1.7647,,,,,,,,,
2026-04-17,,,-1.0545,,,,,,,,,
2026-04-18,,,-1.3766,,,,,,,,,
2026-04-19,,,-1.5849,,,,,,,,,
2026-04-20,,,-1.6210,,,,,,,,,
2026-04-21,,,-1.6581,,,,,,,,,
2026-04-22,,,-1.3539,,,,,,,,,
2026-04-23,,,-1.2332,,,,,,,,,
2026-04-24,,,-1.8057,,,,,,,,,
2026-04-25,,,-1.4397,,,,,,,,,
2026-04-26,,,-1.5303,,,,,,,,,
2026-04-27,,,-1.5277,,,,,,,,,
2026-04-28,,,-1.3999,,,,,,,,,
2026-04-29,,,-2.0710,,,,,,,,,
2026-04-30,,,-2.0009,,,,,,,,,
2026-05-01,,,-1.5144,,,,,,,,,
2026-05-02,,,-2.1604,,,,,,,,,
2026-05-03,,,-1.3667,,,,,,,,,
2026-05-04,,,-0.9877,,,,,,,,,
2026-05-05,,,-1.7628,,,,,,,,,
2026-05-06,,,-1.4710,,,,,,,,,
2026-05-07,,,-1.3220,,,,,,,,,
2026-05-08,,,-1.1715,,,,,,,,,
2026-05-09,,,-1.6207,,,,,,,,,
2026-05-10,,,-0.7566,,,,,,,,,
2026-05-11,,,-0.9988,,,,,,,,,
2026-05-12,,,-2.1901,,,,,,,,,
2026-05-13,,,-1.4125,,,,,,,,,
2026-05-14,,,-1.3849,,,,,,,,,
2026-05-15,,,-0.9443,,,,,,,,,
2026-05-16,,,-1.2285,,,,,,,,,
2026-05-17,,,-1.6981,,,,,,,,,
2026-05-18,,,-1.8272,,,,,,,,,
2026-05-19,,,-1.2045,,,,,,,,,
2026-05-20,,,-1.6221,,,,,,,,,
2026-05-21,,,-1.2659,,,,,,,,,
2026-05-22,,,-0.7157,,,,,,,,,
2026-05-23,,,-1.1214,,,,,,,,,
2026-05-24,,,-1.6841,,,,,,,,,
2026-05-25,,,-0.5064,,,,,,,,,
2026-05-26,,,-0.6625,,,,,,,,,
2026-05-27,,,-0.8094,,,,,,,,,
2026-05-28,,,-1.4135,,,,,,,,,
2026-05-29,,,-1.4133,,,,,,,,,
2026-05-30,,,-1.5802,,,,,,,,,
2026-05-31,,,-1.5498,,,,,,,,,
2026-06-01,,,-0.8909,,,,,,,,,
2026-06-02,,,-1.2552,,,,,,,,,
2026-06-03,,,-0.9474,,,,,,,,,
2026-06-04,,,-1.1215,,,,,,,,,
2026-06-05,,,-1.7618,,,,,,,,,
2026-06-06,,,-1.3019,,,,,,,,,
2026-06-07,,,-2.5124,,,,,,,,,
2026-06-08,,,-1.7413,,,,,,,,,
2026-06-09,,,-1.2735,,,,,,,,,
2026-06-10,,,-1.6388,,,,,,,,,
2026-06-11,,,-1.5434,,,,,,,,,
2026-06-12,,,-1.0365,,,,,,,,,
2026-06-13,,,-0.3349,,,,,,,,,
2026-06-14,,,-1.8687,,,,,,,,,
2026-06-15,,,-0.4036,,,,,,,,,
2026-06-16,,,-1.0730,,,,,,,,,
2026-06-17,,,-1.1119,,,,,,,,,
2026-06-18,,,-1.1804,,,,,,,,,
2026-06-19,,,-0.6901,,,,,,,,,
2026-06-20,,,-0.7208,,,,,,,,,
2026-06-21,,,-1.7475,,,,,,,,,
2026-06-22,,,-1.2280,,,,,,,,,
2026-06-23,,,-1.2976,,,,,,,,,
2026-06-24,,,-0.6868,,,,,,,,,
2026-06-25,,,-0.8778,,,,,,,,,
2026-06-26,,,-0.6638,,,,,,,,,
2026-06-27,,,-1.2995,,,,,,,,,
2026-06-28,,,-0.9586,,,,,,,,,
2026-06-29,,,-1.5025,,,,,,,,,
2026-06-30,,,-1.1977,,,,,,,,,
2026-07-05,,,-0.9678,,,,,,,,,
2026-07-06,,,-0.4599,,,,,,,,,
2026-07-07,,,-1.8776,,,,,,,,,
2026-07-08,,,-2.1569,,,,,,,,,
2026-07-09,,,-0.9208,,,,,,,,,
2026-07-10,,,-0.0211,,,,,,,,,
2026-07-11,,,-0.7521,,,,,,,,,
2026-07-12,,,-1.0009,,,,,,,,,
2026-07-13,,,-1.2432,,,,,,,,,
2026-07-14,,,-1.4006,,,,,,,,,
2026-07-15,,,-0.7101,,,,,,,,,
2026-07-16,,,-1.0691,,,,,,,,,
2026-07-17,,,-0.8522,,,,,,,,,
2026-07-18,,,-0.8037,,,,,,,,,
2026-07-19,,,-0.3449,,,,,,,,,
2026-07-20,,,-1.2035,,,,,,,,,
2026-07-21,,,-0.8264,,,,,,,,,
2026-07-22,,,-0.1668,,,,,,,,,
2026-07-23,,,-1.3764,,,,,,,,,
2026-07-24,,,-1.4144,,,,,,,,,
2026-07-25,,,-1.6985,,,,,,,,,
2026-07-26,,,-1.9303,,,,,,,,,
2026-07-27,,,-1.1758,,,,,,,,,
